<?xml version="1.0" encoding="UTF-8"?>
<fm:structure xmlns:fm="http://www.hyfinity.com/formmaker" xmlns:xg="http://www.hyfinity.com/xgate">
	<fm:form_details>
		<fm:error_highlight_method alert="false" as_you_type="true" validation_mode="all">bubble</fm:error_highlight_method>
		<fm:hint_display_method>tooltip</fm:hint_display_method>
		<fm:top_level_message class="topLevelMessage" required="false" style="" />
		<fm:mark_mandatory class="mandatory" location="after_label" required="true" style=""> * </fm:mark_mandatory>
	</fm:form_details>
</fm:structure>
