<?xml version="1.0" encoding="UTF-8"?>
<fm:structure xmlns:fm="http://www.hyfinity.com/formmaker">
	<form_details xmlns="http://www.hyfinity.com/formmaker">
		<error_highlight_method alert="false" as_you_type="true" validation_mode="all">bubble</error_highlight_method>
		<hint_display_method>tooltip</hint_display_method>
		<top_level_message class="topLevelMessage" required="false" style="" />
		<mark_mandatory class="mandatory" location="after_label" required="true" style=""> * </mark_mandatory>
		<description>Enter a description.</description>
		<page_background_style class="" style="" />
		<page_content_style class="" style="" />
	</form_details>
	<fm:group border_styling="false" compatability="false" fieldset="false" gen_method="layout" hide="false" label_position="left" name="layout_group_4" submit_if_hidden="true">
		<label class="label" options="static" position="outside_group" position_override="top" required="false" style="" type="static" value="Layout Group" xmlns="http://www.hyfinity.com/formmaker">
			<container class="groupLabelBackground" options="static" style="">
				<content_alignment distribution="vertical" />
			</container>
		</label>
		<style class="" options="static" style="" xmlns="http://www.hyfinity.com/formmaker" />
		<fm:content_alignment distribution="vertical" halign="left" valign="top" />
		<fm:sizing height="fit_to_content" width="fully_expand" />
		<fm:palette_ref control="Layout Group" />
		<fm:custom name="custom_control_2" type="custom">
			<fm:code>
				<div class="controlRow" xmlns="">
					<span class="labelBackground labelControl expandWidth">
						<label class="label require-field-note" tabindex="0">All fields marked with an asterisk are required</label>
					</span>
				</div>
			</fm:code>
			<fm:description>Enter a description.</fm:description>
			<fm:palette_ref control="Custom" />
		</fm:custom>
	</fm:group>
	<fm:group border_styling="false" compatability="false" fieldset="false" gen_method="layout" hide="false" label_position="left" name="adminApprvDate_group" submit_if_hidden="true">
		<label class="label" options="static" position="outside_group" position_override="top" required="false" style="" type="static" value="Layout Group" xmlns="http://www.hyfinity.com/formmaker">
			<container class="groupLabelBackground" options="static" style="">
				<content_alignment distribution="vertical" />
			</container>
		</label>
		<style class="" options="static" style="" xmlns="http://www.hyfinity.com/formmaker" />
		<fm:content_alignment distribution="horizontal" halign="left" valign="top" />
		<fm:sizing height="fit_to_content" width="fully_expand" />
		<fm:palette_ref control="Layout Group" />
		<fm:element disable="false" disable_method="read_only" generate="true" hide="false" name="pdp_adminApprovalDate">
			<field xmlns="http://www.hyfinity.com/formmaker">
				<input options="dynamic" size="10">text</input>
				<style class="defaultBackground dateControl" options="static" style="" />
				<element_style class="textbox" options="static" style="" />
				<date_picker class="datePickerIcon" content="" required="true" type="normal" />
				<label class="label" options="static" position_override="left" required="true" style="" type="static" value="Administrator Approval Date">
					<container class="labelBackground labelControl" options="static">
						<content_alignment halign="right" valign="middle" />
						<sizing width="custom" />
					</container>
				</label>
				<container>
					<sizing width="custom" />
				</container>
			</field>
			<constraints validate="true" xmlns="http://www.hyfinity.com/formmaker">
				<type>date</type>
				<required>true</required>
				<enumeration use_for_output="false" />
			</constraints>
			<error xmlns="http://www.hyfinity.com/formmaker">
				<hint class="hintIcon" style="" use="false">Enter a hint here.</hint>
				<server class="errorIcon" retain="false" style="" use="false" />
				<message_override>This field is required for the HR Specialist in the last activity</message_override>
			</error>
			<data_formats xmlns="http://www.hyfinity.com/formmaker">
				<date data="yyyy-MM-dd" display="MM/dd/yyyy" />
			</data_formats>
			<fm:palette_ref control="Date" />
			<fm:events />
			<accessibility xmlns="http://www.hyfinity.com/formmaker">
				<alt>Click the calendar icon to select a date or type the date as mm/dd/yyyy</alt>
			</accessibility>
		</fm:element>
	</fm:group>
</fm:structure>
