<?xml version="1.0" encoding="UTF-8"?>
<hy:rulebase cache="false" context="/" disable="true" forward_chain="false" return="/" xmlns:hy="http://www.hyfinity.com/xengine" xmlns:mvc="http://www.hyfinity.com/mvc" xmlns:ns1="http://www.handysoft.com/bizflow" xmlns:ns2="http://schemas.xmlsoap.org/soap/envelope/" xmlns:xg="http://www.hyfinity.com/xgate" xmlns:xs="http://www.w3.org/2001/XMLSchema">
	<hy:rule base="pattern" desc="Makes service call to relevant target_controller." disable="false" id="call_PrepareForm-Controller_from_NewFormDataReceiver-Controller_rule" priority="30">
		<hy:head>
			<hy:result disable="false" id="call_service">
				<hy:operator>Service</hy:operator>
				<hy:target action="Call" name="mvc-StratConMain-PrepareForm-Controller" parallel="false" update="append">
					<hy:params>
						<hy:param name="from_location" type="com.hyfinity.xpath.XPath">/</hy:param>
						<hy:param name="to_location" type="com.hyfinity.xpath.XPath">/</hy:param>
					</hy:params>
				</hy:target>
			</hy:result>
		</hy:head>
		<hy:body>
			<hy:clause id="check_service_call" multiple="false">
				<hy:operator>Read</hy:operator>
				<hy:target action="eval" name="factbase">
					<hy:params>
						<hy:param name="xpath_expression" type="com.hyfinity.xpath.XPath">/</hy:param>
					</hy:params>
				</hy:target>
			</hy:clause>
		</hy:body>
	</hy:rule>
	<hy:rule base="custom" desc="" disable="false" id="save_to_db" priority="15">
		<hy:head>
			<hy:result disable="false" id="call_update_formdata">
				<hy:operator>SQL</hy:operator>
				<hy:target action="Query" name="mvc-StratConMain-workflowdb-Database" update="append">
					<hy:params>
						<hy:param name="sql_statement" type="java.lang.String">{ call HHS_CMS_HR.SP_UPDATE_FORM_DATA ( 
    $formId
    , $formtype
    , $fielddata
    , $user
    , $procid
    , $actseq
    , $witemseq
) }</hy:param>
						<hy:param name="to_location" type="com.hyfinity.xpath.XPath">/mvc:eForm/mvc:Data</hy:param>
						<hy:param name="$formId" type="int">/mvc:eForm/mvc:Data/FORM_DATA/ID</hy:param>
						<hy:param name="$formtype" type="string">'CMSSTRATCON'</hy:param>
						<hy:param name="$fielddata" type="xml">/mvc:eForm/mvc:Data/FORM_DATA/DOCUMENT</hy:param>
						<hy:param name="$user" type="string">/mvc:eForm/mvc:Data/WorkitemContext/User/LoginID</hy:param>
						<hy:param name="$procid" type="int">/mvc:eForm/mvc:Control/mvc:procid</hy:param>
						<hy:param name="$actseq" type="int">/mvc:eForm/mvc:Control/mvc:actseq</hy:param>
						<hy:param name="$witemseq" type="int">/mvc:eForm/mvc:Control/mvc:workseq</hy:param>
					</hy:params>
				</hy:target>
			</hy:result>
		</hy:head>
		<hy:body>
			<hy:clause id="check_doc" multiple="false">
				<hy:operator>Read</hy:operator>
				<hy:target action="eval" name="factbase">
					<hy:params>
						<hy:param name="xpath_expression" type="com.hyfinity.xpath.XPath">/mvc:eForm/mvc:Data/FORM_DATA/DOCUMENT and (/mvc:eForm/mvc:Data/WorkitemContext/Process/ID = /mvc:eForm/mvc:Control/mvc:procid)</hy:param>
					</hy:params>
				</hy:target>
			</hy:clause>
		</hy:body>
	</hy:rule>
	<hy:rule base="custom" desc="" disable="false" id="Check_Form_Error" priority="8">
		<hy:head>
			<hy:result disable="false" id="Set_Error_Message">
				<hy:operator>Write</hy:operator>
				<hy:target action="write" name="factbase" update="">
					<hy:params>
						<hy:param name="value" type="java.lang.String">Form Content is empty or Process ID is invalid</hy:param>
						<hy:param name="to_location" type="com.hyfinity.xpath.XPath">/mvc:eForm/mvc:Data/mvc:ERROR_MESSAGE</hy:param>
						<hy:param name="autocreate" type="java.lang.String">true</hy:param>
					</hy:params>
				</hy:target>
			</hy:result>
			<hy:result disable="true" id="Log_Cache_Error">
				<hy:operator>Log</hy:operator>
				<hy:target action="log" name="log" update="">
					<hy:params>
						<hy:param name="location" type="com.hyfinity.xpath.XPath">/mvc:eForm/*</hy:param>
						<hy:param name="destination" type="java.lang.String">developer</hy:param>
						<hy:param name="level" type="java.lang.String">debug</hy:param>
					</hy:params>
				</hy:target>
			</hy:result>
			<hy:result disable="true" id="Terminate">
				<hy:operator>Return</hy:operator>
				<hy:target action="return" name="factbase" update="">
					<hy:params />
				</hy:target>
			</hy:result>
		</hy:head>
		<hy:body>
			<hy:clause id="check_error" multiple="false">
				<hy:operator>Read</hy:operator>
				<hy:target action="eval" name="factbase">
					<hy:params>
						<hy:param name="xpath_expression" type="com.hyfinity.xpath.XPath">not(/mvc:eForm/mvc:Data/FORM_DATA/DOCUMENT) or (/mvc:eForm/mvc:Data/WorkitemContext/Process/ID != /mvc:eForm/mvc:Control/mvc:procid)</hy:param>
					</hy:params>
				</hy:target>
			</hy:clause>
		</hy:body>
	</hy:rule>
	<hy:rule base="modified" desc="Commits all the changes made to this database in the previous rules" disable="false" id="commit_database" priority="15">
		<hy:head>
			<hy:result disable="false" id="commit_changes">
				<hy:operator>SQL</hy:operator>
				<hy:target action="Query" name="mvc-StratConMain-workflowdb-Database" update="append">
					<hy:params>
						<hy:param name="sql_statement" type="java.lang.String">COMMIT;</hy:param>
						<hy:param name="to_location" type="com.hyfinity.xpath.XPath">/mvc:eForm/mvc:Data</hy:param>
					</hy:params>
				</hy:target>
			</hy:result>
		</hy:head>
		<hy:body>
			<hy:and>
				<hy:clause id="check_no_errors" multiple="false">
					<hy:operator>Read</hy:operator>
					<hy:target action="eval" name="factbase">
						<hy:params>
							<hy:param name="xpath_expression" type="com.hyfinity.xpath.XPath">not(/mvc:eForm/mvc:Data//sql_result/statement/status[@outcome = 'fail'])</hy:param>
						</hy:params>
					</hy:target>
				</hy:clause>
				<hy:clause id="check_sql_query_performed" multiple="false">
					<hy:operator>Read</hy:operator>
					<hy:target action="eval" name="factbase">
						<hy:params>
							<hy:param name="xpath_expression" type="com.hyfinity.xpath.XPath">/mvc:eForm/mvc:Data//sql_result</hy:param>
						</hy:params>
					</hy:target>
				</hy:clause>
			</hy:and>
		</hy:body>
	</hy:rule>
	<hy:rule base="modified" desc="Commits all the changes made to this database in the previous rules" disable="false" id="rollback_database" priority="15">
		<hy:head>
			<hy:result disable="false" id="rollback_changes">
				<hy:operator>SQL</hy:operator>
				<hy:target action="Query" name="mvc-StratConMain-workflowdb-Database" update="append">
					<hy:params>
						<hy:param name="sql_statement" type="java.lang.String">ROLLBACK;</hy:param>
						<hy:param name="to_location" type="com.hyfinity.xpath.XPath">/mvc:eForm/mvc:Data</hy:param>
					</hy:params>
				</hy:target>
			</hy:result>
			<hy:result disable="false" id="Assign_error_message">
				<hy:operator>Write</hy:operator>
				<hy:target action="write" name="factbase" update="">
					<hy:params>
						<hy:param name="xpath_to_value" type="com.hyfinity.xpath.XPath">/mvc:eForm/mvc:Data//sql_result/statement/status[@outcome = 'fail']/message</hy:param>
						<hy:param name="to_location" type="com.hyfinity.xpath.XPath">/mvc:eForm/mvc:Data/mvc:formData/mvc:ResultActionWorkitemtErrorMessage</hy:param>
						<hy:param name="autocreate" type="java.lang.String">true</hy:param>
					</hy:params>
				</hy:target>
			</hy:result>
		</hy:head>
		<hy:body>
			<hy:and>
				<hy:clause id="check_errors" multiple="false">
					<hy:operator>Read</hy:operator>
					<hy:target action="eval" name="factbase">
						<hy:params>
							<hy:param name="xpath_expression" type="com.hyfinity.xpath.XPath">/mvc:eForm/mvc:Data//sql_result/statement/status[@outcome = 'fail']</hy:param>
						</hy:params>
					</hy:target>
				</hy:clause>
				<hy:clause id="check_sql_query_performed" multiple="false">
					<hy:operator>Read</hy:operator>
					<hy:target action="eval" name="factbase">
						<hy:params>
							<hy:param name="xpath_expression" type="com.hyfinity.xpath.XPath">/mvc:eForm/mvc:Data//sql_result</hy:param>
						</hy:params>
					</hy:target>
				</hy:clause>
			</hy:and>
		</hy:body>
	</hy:rule>
</hy:rulebase>
