<?xml version="1.0" encoding="UTF-8"?>
<index desc="user 1 collection index file" id="collection_index" name="user1 collection index" xmlns="http://www.hyfinity.com/xstore">
	<entry desc="" docname="CMS/mvc/classification_main/xsd_pool" id="CMS/mvc/classification_main/xsd_pool" timestamp="" />
	<entry desc="" docname="CMS/mvc/classification_main/logicsheet_pool" id="CMS/mvc/classification_main/logicsheet_pool" timestamp="" />
	<entry desc="" docname="CMS/mvc/classification_main/message_pool" id="CMS/mvc/classification_main/message_pool" timestamp="" />
	<entry desc="" docname="CMS/mvc/classification_main/other_resources_pool" id="CMS/mvc/classification_main/other_resources_pool" timestamp="" />
	<entry desc="" docname="CMS/mvc/classification_main/application" id="CMS/mvc/classification_main/application" timestamp="" />
	<entry desc="" docname="CMS/mvc/classification_main/formStructure" id="CMS/mvc/classification_main/formStructure" timestamp="" />
	<entry desc="" docname="CMS/mvc/classification_main/hyfinityBindings" id="CMS/mvc/classification_main/hyfinityBindings" timestamp="" />
	<entry desc="" docname="CMS/mvc/classification_main/xsl_pool" id="CMS/mvc/classification_main/xsl_pool" timestamp="" />
	<entry desc="" docname="CMS/mvc/classification_main/genDefaults" id="CMS/mvc/classification_main/genDefaults" timestamp="" />
	<entry desc="" docname="CMS/mvc/classification_main/L1_pattern_pool" id="CMS/mvc/classification_main/L1_pattern_pool" timestamp="" />
	<entry desc="" docname="CMS/mvc/classification_main/L1_pattern_instance_pool" id="CMS/mvc/classification_main/L1_pattern_instance_pool" timestamp="" />
	<entry desc="" docname="CMS/mvc/classification_main/L2_pattern_pool" id="CMS/mvc/classification_main/L2_pattern_pool" timestamp="" />
	<entry desc="" docname="CMS/mvc/classification_main/L2_pattern_instance_pool" id="CMS/mvc/classification_main/L2_pattern_instance_pool" timestamp="" />
	<entry desc="" docname="CMS/mvc/classification_main/L3_pattern_pool" id="CMS/mvc/classification_main/L3_pattern_pool" timestamp="" />
	<entry desc="" docname="CMS/mvc/classification_main/L3_pattern_instance_pool" id="CMS/mvc/classification_main/L3_pattern_instance_pool" timestamp="" />
</index>
