<?xml version="1.0" encoding="UTF-8"?>
<hy:rulebase cache="false" context="/" disable="true" forward_chain="false" return="/" xmlns:fm="http://www.hyfinity.com/formmaker" xmlns:hy="http://www.hyfinity.com/xengine" xmlns:mvc="http://www.hyfinity.com/mvc" xmlns:ns1="http://www.handysoft.com/bizflow" xmlns:ns2="http://schemas.xmlsoap.org/soap/envelope/" xmlns:xfact="http://www.hyfinity.com/xfactory" xmlns:xg="http://www.hyfinity.com/xgate" xmlns:xs="http://www.w3.org/2001/XMLSchema">
	<hy:rule base="pattern" desc="Writes the page xsl information to be used for screen display" disable="false" id="write_targetPage_CommentAdded_rule" priority="30">
		<hy:head>
			<hy:result disable="false" id="write_data">
				<hy:operator>Write</hy:operator>
				<hy:target action="write" name="factbase" update="append">
					<hy:params>
						<hy:param name="value" type="java.lang.String">CommentAdded.xsl</hy:param>
						<hy:param name="to_location" type="com.hyfinity.xpath.XPath">/mvc:eForm/mvc:Control/mvc:Page</hy:param>
					</hy:params>
				</hy:target>
			</hy:result>
		</hy:head>
		<hy:body>
			<hy:clause id="check_data" multiple="false">
				<hy:operator>Read</hy:operator>
				<hy:target action="eval" name="factbase">
					<hy:params>
						<hy:param name="xpath_expression" type="com.hyfinity.xpath.XPath">/</hy:param>
					</hy:params>
				</hy:target>
			</hy:clause>
		</hy:body>
	</hy:rule>
	<hy:rule base="custom" desc="" disable="false" id="add_comment" priority="15">
		<hy:head>
			<hy:result disable="false" id="insert_data_into_cmnt">
				<hy:operator>SQL</hy:operator>
				<hy:target action="Query" name="mvc-cms_common-workflowdb-Database" update="append">
					<hy:params>
						<hy:param name="sql_statement" type="java.lang.String">{ call SP_INSERT_COMMENT(
    $svrid
    ,$procid
    ,$witemseq
    ,$actseq
    ,$actname
    ,$creator
    ,$cratorname
    ,$content
  )
}</hy:param>
						<hy:param name="to_location" type="com.hyfinity.xpath.XPath">/mvc:eForm/mvc:Data</hy:param>
						<hy:param name="$svrid" type="string">'0000001001'</hy:param>
						<hy:param name="$procid" type="int">/mvc:eForm/mvc:Control/mvc:procId</hy:param>
						<hy:param name="$witemseq" type="int">/mvc:eForm/mvc:Control/mvc:witemSeq</hy:param>
						<hy:param name="$actseq" type="int">/mvc:eForm/mvc:Control/mvc:actSeq</hy:param>
						<hy:param name="$actname" type="string">/mvc:eForm/mvc:Control/mvc:actName</hy:param>
						<hy:param name="$creator" type="string">/mvc:eForm/mvc:Control/mvc:creator</hy:param>
						<hy:param name="$cratorname" type="string">/mvc:eForm/mvc:Control/mvc:creatorName</hy:param>
						<hy:param name="$content" type="string">/mvc:eForm/mvc:Control/mvc:popupComment</hy:param>
					</hy:params>
				</hy:target>
			</hy:result>
		</hy:head>
		<hy:body />
	</hy:rule>
	<hy:rule base="modified" desc="Commits all the changes made to this database in the previous rules" disable="false" id="commit_database" priority="15">
		<hy:head>
			<hy:result disable="false" id="commit_changes">
				<hy:operator>SQL</hy:operator>
				<hy:target action="Query" name="mvc-cms_common-workflowdb-Database" update="append">
					<hy:params>
						<hy:param name="sql_statement" type="java.lang.String">COMMIT;</hy:param>
						<hy:param name="to_location" type="com.hyfinity.xpath.XPath">/mvc:eForm/mvc:Data</hy:param>
					</hy:params>
				</hy:target>
			</hy:result>
		</hy:head>
		<hy:body>
			<hy:and>
				<hy:clause id="check_sql_query_performed" multiple="false">
					<hy:operator>Read</hy:operator>
					<hy:target action="eval" name="factbase">
						<hy:params>
							<hy:param name="xpath_expression" type="com.hyfinity.xpath.XPath">/mvc:eForm/mvc:Data//sql_result</hy:param>
						</hy:params>
					</hy:target>
				</hy:clause>
				<hy:clause id="check_no_errors" multiple="false">
					<hy:operator>Read</hy:operator>
					<hy:target action="eval" name="factbase">
						<hy:params>
							<hy:param name="xpath_expression" type="com.hyfinity.xpath.XPath">not(/mvc:eForm/mvc:Data//sql_result/statement/status[@outcome = 'fail'])</hy:param>
						</hy:params>
					</hy:target>
				</hy:clause>
			</hy:and>
		</hy:body>
	</hy:rule>
	<hy:rule base="modified" desc="Commits all the changes made to this database in the previous rules" disable="false" id="rollback_database" priority="15">
		<hy:head>
			<hy:result disable="false" id="rollback_changes">
				<hy:operator>SQL</hy:operator>
				<hy:target action="Query" name="mvc-cms_common-workflowdb-Database" update="append">
					<hy:params>
						<hy:param name="sql_statement" type="java.lang.String">ROLLBACK;</hy:param>
						<hy:param name="to_location" type="com.hyfinity.xpath.XPath">/mvc:eForm/mvc:Data</hy:param>
					</hy:params>
				</hy:target>
			</hy:result>
			<hy:result disable="false" id="Assign_error_message">
				<hy:operator>Write</hy:operator>
				<hy:target action="write" name="factbase" update="">
					<hy:params>
						<hy:param name="xpath_to_value" type="com.hyfinity.xpath.XPath">/mvc:eForm/mvc:Data//sql_result/statement/status[@outcome = 'fail']/message</hy:param>
						<hy:param name="to_location" type="com.hyfinity.xpath.XPath">/mvc:eForm/mvc:Data/mvc:formData/mvc:ResultActionWorkitemtErrorMessage</hy:param>
						<hy:param name="autocreate" type="java.lang.String">true</hy:param>
					</hy:params>
				</hy:target>
			</hy:result>
		</hy:head>
		<hy:body>
			<hy:and>
				<hy:clause id="check_sql_query_performed" multiple="false">
					<hy:operator>Read</hy:operator>
					<hy:target action="eval" name="factbase">
						<hy:params>
							<hy:param name="xpath_expression" type="com.hyfinity.xpath.XPath">/mvc:eForm/mvc:Data//sql_result</hy:param>
						</hy:params>
					</hy:target>
				</hy:clause>
				<hy:clause id="check_errors" multiple="false">
					<hy:operator>Read</hy:operator>
					<hy:target action="eval" name="factbase">
						<hy:params>
							<hy:param name="xpath_expression" type="com.hyfinity.xpath.XPath">/mvc:eForm/mvc:Data//sql_result/statement/status[@outcome = 'fail']</hy:param>
						</hy:params>
					</hy:target>
				</hy:clause>
			</hy:and>
		</hy:body>
	</hy:rule>
</hy:rulebase>
