<?xml version="1.0" encoding="UTF-8"?>
<hy:rulebase cache="false" context="/" disable="true" forward_chain="false" return="/" xmlns="http://www.hyfinity.com/xstore" xmlns:hy="http://www.hyfinity.com/xengine" xmlns:mvc="http://www.hyfinity.com/mvc" xmlns:xg="http://www.hyfinity.com/xgate">
	<hy:rule base="pattern" desc="Writes the page xsl information to be used for screen display" disable="false" id="write_targetPage_CommentAdded_rule" priority="30">
		<hy:head>
			<hy:result disable="false" id="write_data">
				<hy:operator>Write</hy:operator>
				<hy:target action="write" name="factbase" update="append">
					<hy:params>
						<hy:param name="value" type="java.lang.String">CommentAdded.xsl</hy:param>
						<hy:param name="to_location" type="com.hyfinity.xpath.XPath">/mvc:eForm/mvc:Control/mvc:Page</hy:param>
					</hy:params>
				</hy:target>
			</hy:result>
		</hy:head>
		<hy:body>
			<hy:clause id="check_data" multiple="false">
				<hy:operator>Read</hy:operator>
				<hy:target action="eval" name="factbase">
					<hy:params>
						<hy:param name="xpath_expression" type="com.hyfinity.xpath.XPath">/</hy:param>
					</hy:params>
				</hy:target>
			</hy:clause>
		</hy:body>
	</hy:rule>
	<hy:rule base="custom" desc="" disable="false" id="add_comment" priority="15">
		<hy:head>
			<hy:result disable="false" id="insert_data_into_cmnt">
				<hy:operator>SQL</hy:operator>
				<hy:target action="Query" name="mvc-cms_common-workflowdb-Database" update="append">
					<hy:params>
						<hy:param name="sql_statement" type="java.lang.String">{ call SP_INSERT_COMMENT(
    $svrid
    ,$procid
    ,$witemseq
    ,$actseq
    ,$actname
    ,$creator
    ,$cratorname
    ,$content
  )
}</hy:param>
						<hy:param name="to_location" type="com.hyfinity.xpath.XPath">/mvc:eForm/mvc:Data</hy:param>
						<hy:param name="$svrid" type="string">'0000001001'</hy:param>
						<hy:param name="$procid" type="int">/mvc:eForm/mvc:Control/mvc:procId</hy:param>
						<hy:param name="$witemseq" type="int">/mvc:eForm/mvc:Control/mvc:witemSeq</hy:param>
						<hy:param name="$actseq" type="int">/mvc:eForm/mvc:Control/mvc:actSeq</hy:param>
						<hy:param name="$actname" type="string">/mvc:eForm/mvc:Control/mvc:actName</hy:param>
						<hy:param name="$creator" type="string">/mvc:eForm/mvc:Control/mvc:creator</hy:param>
						<hy:param name="$cratorname" type="string">/mvc:eForm/mvc:Control/mvc:creatorName</hy:param>
						<hy:param name="$content" type="string">/mvc:eForm/mvc:Control/mvc:popupComment</hy:param>
					</hy:params>
				</hy:target>
			</hy:result>
		</hy:head>
		<hy:body />
	</hy:rule>
</hy:rulebase>
