<?xml version="1.0" encoding="UTF-8"?>
<xforms xmlns:mvc="http://www.hyfinity.com/mvc" xmlns="http://www.hyfinity.com/formmaker">
	<instance_configuration />
	<page />
	<group name="layout_group_4" />
	<group name="adminApprvDate_group" />
	<element name="pdp_adminApprovalDate">
		<description />
		<fm:transform_xpath xmlns:fm="http://www.hyfinity.com/formmaker">/mvc:eForm/mvc:Data/mvc:formData/mvc:pdp_adminApprovalDate</fm:transform_xpath>
		<fm:action name="loadPDPApproval" xmlns:fm="http://www.hyfinity.com/formmaker">
			<fm:xform_xpath>/mvc:eForm/mvc:Data/mvc:formData/mvc:pdp_adminApprovalDate</fm:xform_xpath>
		</fm:action>
	</element>
</xforms>
