<?xml version="1.0" encoding="UTF-8"?>
<index desc="user 1 collection index file" id="collection_index" name="user1 collection index" xmlns="http://www.hyfinity.com/xstore">
	<entry desc="" docname="CMS/mvc/cmscommon/xsd_pool" id="CMS/mvc/cmscommon/xsd_pool" timestamp="" />
	<entry desc="" docname="CMS/mvc/cmscommon/logicsheet_pool" id="CMS/mvc/cmscommon/logicsheet_pool" timestamp="" />
	<entry desc="" docname="CMS/mvc/cmscommon/message_pool" id="CMS/mvc/cmscommon/message_pool" timestamp="" />
	<entry desc="" docname="CMS/mvc/cmscommon/other_resources_pool" id="CMS/mvc/cmscommon/other_resources_pool" timestamp="" />
	<entry desc="" docname="CMS/mvc/cmscommon/application" id="CMS/mvc/cmscommon/application" timestamp="" />
	<entry desc="" docname="CMS/mvc/cmscommon/formStructure" id="CMS/mvc/cmscommon/formStructure" timestamp="" />
	<entry desc="" docname="CMS/mvc/cmscommon/hyfinityBindings" id="CMS/mvc/cmscommon/hyfinityBindings" timestamp="" />
	<entry desc="" docname="CMS/mvc/cmscommon/xsl_pool" id="CMS/mvc/cmscommon/xsl_pool" timestamp="" />
	<entry desc="" docname="CMS/mvc/cmscommon/genDefaults" id="CMS/mvc/cmscommon/genDefaults" timestamp="" />
	<entry desc="" docname="CMS/mvc/cmscommon/L1_pattern_pool" id="CMS/mvc/cmscommon/L1_pattern_pool" timestamp="" />
	<entry desc="" docname="CMS/mvc/cmscommon/L1_pattern_instance_pool" id="CMS/mvc/cmscommon/L1_pattern_instance_pool" timestamp="" />
	<entry desc="" docname="CMS/mvc/cmscommon/L2_pattern_pool" id="CMS/mvc/cmscommon/L2_pattern_pool" timestamp="" />
	<entry desc="" docname="CMS/mvc/cmscommon/L2_pattern_instance_pool" id="CMS/mvc/cmscommon/L2_pattern_instance_pool" timestamp="" />
	<entry desc="" docname="CMS/mvc/cmscommon/L3_pattern_pool" id="CMS/mvc/cmscommon/L3_pattern_pool" timestamp="" />
	<entry desc="" docname="CMS/mvc/cmscommon/L3_pattern_instance_pool" id="CMS/mvc/cmscommon/L3_pattern_instance_pool" timestamp="" />
</index>
