<?xml version="1.0" encoding="UTF-8"?>
<eForm xmlns="http://www.hyfinity.com/mvc" xmlns:mvc="http://www.hyfinity.com/mvc">
	<Control>
		<action>generateFinalPackage</action>
		<Page />
		<Controller />
		<sessionInfo />
		<processID />
		<grade />
		<fileName />
		<IDs />
	</Control>
	<Data>
		<formData>
			<sessioninfo />
			<procid />
			<actseq />
			<workseq />
			<appseq />
			<isarchive />
			<readOnly />
			<h_workflowInfoString />
			<actSeq />
			<witemSeq />
		</formData>
	</Data>
</eForm>
