<?xml version="1.0" encoding="UTF-8"?>
<eForm xmlns="http://www.hyfinity.com/mvc" xmlns:mvc="http://www.hyfinity.com/mvc">
	<Control>
		<action>saveTabContent</action>
		<Page />
		<Controller />
		<currentTabID />
		<procid />
		<sessioninfo />
		<actseq />
		<workseq />
		<svrid />
		<appseq />
	</Control>
	<Data>
		<ERROR_MESSAGE />
		<FORM_DATA xmlns="">
			<ID />
			<DOCUMENT>
				<MAIN>
					<resetSOSignature />
					<VERSION>1.2</VERSION>
				</MAIN>
				<GENERAL>
					<ADMIN_CD />
					<RT_ID />
					<AT_ID />
					<VT_ID />
					<SAT_ID />
					<CT_ID />
					<SO_ID />
					<SO_TITLE />
					<SO_ORG />
					<XO_ID />
					<XO_TITLE />
					<XO_ORG />
					<POS_ID />
					<HRL_ID />
					<HRL_TITLE />
					<HRL_ORG />
					<SS_ID />
					<CS_ID />
					<SO_AGREE />
					<OTHER_CERT />
				</GENERAL>
				<POSITION>
					<POS_ID />
					<CNDT_LAST_NM />
					<CNDT_FIRST_NM />
					<CNDT_MIDDLE_NM />
					<BGT_APR_OFM />
					<SPNSR_ORG_NM />
					<SPNSR_ORG_FUND_PC />
					<JOB_REQ_NUMBER />
					<JOB_REQ_CREATE_DT />
					<POS_TITLE />
					<PAY_PLAN_ID />
					<SERIES />
					<POS_DESC_NUMBER_1 />
					<CLASSIFICATION_DT_1 />
					<GRADE_1 />
					<POS_DESC_NUMBER_2 />
					<CLASSIFICATION_DT_2 />
					<GRADE_2 />
					<POS_DESC_NUMBER_3 />
					<CLASSIFICATION_DT_3 />
					<GRADE_3 />
					<POS_DESC_NUMBER_4 />
					<CLASSIFICATION_DT_4 />
					<GRADE_4 />
					<POS_DESC_NUMBER_5 />
					<CLASSIFICATION_DT_5 />
					<GRADE_5 />
					<MED_OFFICERS_ID />
					<PERFORMANCE_LEVEL />
					<SUPERVISORY />
					<SKILL />
					<GRADES_ADVERTISED />
					<LOCATION />
					<POS_LOCATION_DSCR />
					<VACANCIES />
					<REPORT_SUPERVISOR />
					<CAN />
					<VICE />
					<VICE_NAME />
					<DAYS_ADVERTISED />
					<TA_ID />
					<NTE />
					<WORK_SCHED_ID />
					<HOURS_PER_WEEK />
					<DUAL_EMPLMT />
					<SEC_ID />
					<CE_FINANCIAL_DISC />
					<CE_FINANCIAL_TYPE_ID />
					<CE_PE_PHYSICAL />
					<CE_DRUG_TEST />
					<CE_IMMUN />
					<CE_TRAVEL />
					<CE_TRAVEL_PER />
					<CE_LIC />
					<CE_LIC_INFO />
					<REMARKS />
					<PROC_REQ_TYPE />
					<RECRUIT_OFFICE_ID />
					<REQ_ID />
					<REQ_CREATE_NOTIFY_DT />
					<SO_ID />
					<ASSOC_DESCR_NUMBERS />
					<PROMOTE_POTENTIAL />
					<VICE_EMPL_ID />
					<SR_ID />
					<GR_ID />
					<PROC_ID />
					<AC_ID />
					<STATUS_ID />
					<SC_REQUESTED />
					<SG_ID />
					<PD_ID />
					<GRADE_ADVERTISED>
						<GA_1 />
						<GA_2 />
						<GA_3 />
						<GA_4 />
						<GA_5 />
						<GA_6 />
						<GA_7 />
						<GA_8 />
						<GA_9 />
						<GA_10 />
						<GA_11 />
						<GA_12 />
						<GA_13 />
						<GA_14 />
						<GA_15 />
					</GRADE_ADVERTISED>
				</POSITION>
				<REVIEW>
					<CNDT_ELIGIBLE />
					<INELIG_REASON />
					<CNDT_QUALIFIED />
					<DISQUAL_REASON />
				</REVIEW>
				<SELECTION>
					<SEL_DETERM />
				</SELECTION>
				<APPROVAL>
					<DCO_CERT />
					<DCO_NAME />
					<DCO_SIG />
					<DCO_SIG_DT />
				</APPROVAL>
				<PROCESS_VARIABLE>
					<adminCode />
					<appointmentType />
					<cancelReason />
					<candidateApproved />
					<classSpecialist />
					<classificationType />
					<eligQualCandidate />
					<execOfficer />
					<feedbackDCO />
					<feedbackSO />
					<feedbackStaffSpec />
					<hrLiaison />
					<posIs />
					<posLocation />
					<posNumber />
					<posPayPlan />
					<posSensitivity />
					<posSeries />
					<posSupervisor />
					<posTitle />
					<posWorkSchedule />
					<requestNum />
					<requestStatus />
					<requestStatusDate />
					<requestType />
					<returnToHr />
					<returnToSO />
					<selectOfficial />
					<selectionRequired />
					<staffSpecialist />
					<alertMessage />
				</PROCESS_VARIABLE>
			</DOCUMENT>
		</FORM_DATA>
		<formData>
			<WIH_exit_requested />
			<WIH_save_requested />
			<WIH_complete_requested />
			<h_activityName />
			<h_witemParticipantID />
			<h_witemParticipantName />
			<h_userGroups />
			<h_currentUserMemberID />
			<h_currentUserName />
			<h_creationdate />
			<h_lookupXMLString />
			<cmscommon_sessioninfo />
			<cmscommon_procid />
			<readOnly />
			<readOnly2 />
			<h_now />
			<h_definitionName />
			<h_readOnly />
			<h_cms_usergroupString />
			<pv_appointmentType />
			<pv_candidateApproved />
			<pv_eligQualCandidate />
			<pv_returnToSO />
			<pv_feedbackStaffSpec />
			<pv_returnToHr />
			<pv_feedbackDCO />
			<pv_feedbackSO />
			<h_error_message />
			<appseq />
			<actseq />
			<workseq />
			<svrid />
			<sessioninfo />
			<procid />
			<h_error_message_save />
		</formData>
		<WorkitemContext xmlns="">
			<SessionInfoXML />
			<Process>
				<ID />
				<Name />
				<Description />
				<State />
				<ProcessDefinitionID />
				<ProcessDefinitionName />
				<Deadline />
				<Initiator />
				<InitiatorName />
				<CreationDateTime />
				<CompleteDateTime />
				<ProcessVariables>
					<adminCode />
					<adminEmailAddress />
					<alertMessage />
					<appointmentType />
					<cancelReason />
					<candidateName />
					<classSpecialist />
					<classificationType />
					<cmsEmailDisclaimer />
					<eligQualCandidate />
					<execOfficer />
					<feedbackDCO />
					<feedbackSO />
					<feedbackStaffSpec />
					<hrLiaison />
					<lastActivityCompDate />
					<posGrade />
					<posIs />
					<posNumber />
					<posSensitivity />
					<posSeries />
					<posTitle />
					<requestInitiator />
					<requestNum />
					<requestStatus />
					<requestStatusDate />
					<requestType />
					<returnToHr />
					<returnToSO />
					<secondSubOrg />
					<selectOfficial />
					<selectionRequired />
					<specialProgram />
					<specialProgramEmailAddress />
					<staffSpecialist />
					<wihmode />
				</ProcessVariables>
				<CustomAttributes>
					<CustomAttribute>
						<Name />
						<CustomAttributeValueType />
						<Value />
						<Description />
					</CustomAttribute>
					<CustomAttribute>
						<Name />
						<CustomAttributeValueType />
						<Value />
						<Description />
					</CustomAttribute>
					<CustomAttribute>
						<Name />
						<CustomAttributeValueType />
						<Value />
						<Description />
					</CustomAttribute>
				</CustomAttributes>
			</Process>
			<Activity>
				<Sequence />
				<Name />
				<Description />
				<State />
				<CreationDateTime />
				<CompleteDateTime />
				<Responses>
					<Response>
						<Name />
						<IsDefault />
						<Rule />
					</Response>
					<Response>
						<Name />
						<IsDefault />
						<Rule />
					</Response>
					<Response>
						<Name />
						<IsDefault />
						<Rule />
					</Response>
				</Responses>
				<CustomAttributes>
					<CustomAttribute>
						<Name />
						<CustomAttributeValueType />
						<Value />
						<Description />
					</CustomAttribute>
					<CustomAttribute>
						<Name />
						<CustomAttributeValueType />
						<Value />
						<Description />
					</CustomAttribute>
					<CustomAttribute>
						<Name />
						<CustomAttributeValueType />
						<Value />
						<Description />
					</CustomAttribute>
				</CustomAttributes>
			</Activity>
			<Workitem>
				<Sequence />
				<Participant />
				<ParticipantName />
				<ParticipantType />
				<State />
				<CreationDateTime />
				<StartDateTime />
				<CompleteDateTime />
				<CheckedOutUser />
				<CheckedOutUserName />
				<Deadline />
			</Workitem>
			<User>
				<LoginID />
				<MemberID />
				<Name />
				<ShortName />
				<DepartmentName />
				<EmployeeCode />
				<Email />
				<JobTitle1 />
				<JobTitle2 />
				<JobTitle3 />
				<CustomAttribute1 />
				<CustomAttribute2 />
				<CustomAttribute3 />
				<CustomAttribute4 />
				<CustomAttribute5 />
				<UserGroups>
					<UserGroup>
						<ID />
						<Name />
						<Path />
					</UserGroup>
					<UserGroup>
						<ID />
						<Name />
						<Path />
					</UserGroup>
					<UserGroup>
						<ID />
						<Name />
						<Path />
					</UserGroup>
				</UserGroups>
			</User>
			<Application>
				<Name />
				<ApplicationState />
				<CheckOutState />
				<CheckedOutUser />
				<Updatable />
				<ViewType />
			</Application>
		</WorkitemContext>
	</Data>
</eForm>
