<?xml version="1.0" encoding="UTF-8"?>
<index desc="hsguser/mvc/BizFlow/message_pool_pool" name="hsguser/mvc/BizFlow/message_pool_pool" xmlns="http://www.hyfinity.com/xstore">
	<entry desc="" docname="to_BizFlowEntry_page.xml" id="to_DummyStart_page" timestamp="" />
	<entry desc="" docname="calling_showAttachment_action.xml" id="calling_showAttachment_action" timestamp="" />
	<entry desc="" docname="to_Attachment_page.xml" id="to_Attachment_page" timestamp="" />
	<entry desc="" docname="calling_generateFinalPackage_action.xml" id="calling_generateFinalPackage_action" timestamp="" />
	<entry desc="" docname="to_Package_page.xml" id="to_Package_page" timestamp="" />
	<entry desc="" docname="calling_showComment_action.xml" id="calling_showComment_action" timestamp="" />
	<entry desc="" docname="to_Comment_page.xml" id="to_Comment_page" timestamp="" />
	<entry desc="" docname="calling_addComment_action.xml" id="calling_addComment_action" timestamp="" />
	<entry desc="" docname="to_CommentAdded_page.xml" id="to_CommentAdded_page" timestamp="" />
</index>
