<?xml version="1.0" encoding="UTF-8"?>
<ns1:publication_environments xmlns="http://www.hyfinity.com/xstore" xmlns:ns1="http://www.hyfinity.com/xfactory">
	<environment default="false" name="Publish to CMS.BIZFLOW.COM" xmlns="http://www.hyfinity.com/xfactory">
		<selected_type>
			<name>BizFlow</name>
			<params>
				<param name="application.name" value="eligqual" />
				<param name="fallback.server.url" value="http://cms.bizflow.com/bizflowwebmaker" />
				<param name="force.fallback" value="true" />
			</params>
		</selected_type>
		<included_projects>
			<project name="eligqual_main" type="mvc" workspace="CMS" />
			<project name="eligqual_gen" type="mvc" workspace="CMS" />
			<project name="eligqual_pos" type="mvc" workspace="CMS" />
			<project name="eligqual_rev" type="mvc" workspace="CMS" />
			<project name="eligqual_sel" type="mvc" workspace="CMS" />
			<project name="eligqual_apr" type="mvc" workspace="CMS" />
		</included_projects>
		<morphyc>
			<xfact:xplatform mode="static" xmlns:xfact="http://www.hyfinity.com/xfactory">
				<platform_cleanup enabled="false" run_interval="">
					<engine_cleardown min_idle_time="" />
				</platform_cleanup>
				<pooling max="100" min="50" pooled="true" />
				<development_logging check_log_overrides="false" log="false" output_to_screen="false">
					<log_destination>log.txt</log_destination>
					<archive_previous_log max_backup_index="10" max_file_size="10485760">true</archive_previous_log>
					<log_agent_messages>true</log_agent_messages>
					<log_rule_messages>true</log_rule_messages>
					<log_rule_result_messages>true</log_rule_result_messages>
					<log_rule_checking>true</log_rule_checking>
				</development_logging>
				<administration_logging log="false" output_to_screen="false">
					<log_destination>admin_log.txt</log_destination>
					<archive_previous_log max_backup_index="10" max_file_size="10485760">true</archive_previous_log>
					<log_session_activity>true</log_session_activity>
					<log_cache_activity>true</log_cache_activity>
					<log_asset_activity>true</log_asset_activity>
					<log_engine_activity>true</log_engine_activity>
				</administration_logging>
				<platform_logging check_log_overrides="false" log="true" output_to_screen="false">
					<log_level>error</log_level>
					<log_destination>log.txt</log_destination>
					<archive_previous_log max_backup_index="1" max_file_size="10485760">false</archive_previous_log>
				</platform_logging>
				<xfact:agent_configuration>
					<xfact:agent agent_id="mvc-eligqual_main-HWActivityService_Proxy-HWActivity" http_hdr="false" instance="http://cms.bizflow.com/bizflow/webservice/HWActivity.hws" protocol="http" type="soap_service" />
					<xfact:agent agent_id="mvc-eligqual_main-HWApplicationsService_Proxy-HWApplications" http_hdr="false" instance="http://cms.bizflow.com/bizflow/webservice/HWApplications.hws" protocol="http" type="soap_service" />
					<xfact:agent agent_id="mvc-eligqual_main-HWProcessService_Proxy-HWProcess" http_hdr="false" instance="http://cms.bizflow.com/bizflow/webservice/HWProcess.hws" protocol="http" type="soap_service" />
					<xfact:agent agent_id="mvc-eligqual_main-HWProcessDefinitionService_Proxy-HWProcessDefinition" http_hdr="false" instance="http://cms.bizflow.com/bizflow/webservice/HWProcessDefinition.hws" protocol="http" type="soap_service" />
					<xfact:agent agent_id="mvc-eligqual_main-HWSessionService_Proxy-HWSession" http_hdr="false" instance="http://cms.bizflow.com/bizflow/webservice/HWSession.hws" protocol="http" type="soap_service" />
					<xfact:agent agent_id="mvc-eligqual_main-HWUserService_Proxy-HWUser" http_hdr="false" instance="http://cms.bizflow.com/bizflow/webservice/HWUser.hws" protocol="http" type="soap_service" />
					<xfact:agent agent_id="mvc-eligqual_main-HWWorkitemService_Proxy-HWWorkitem" http_hdr="false" instance="http://cms.bizflow.com/bizflow/webservice/HWWorkitem.hws" protocol="http" type="soap_service" />
					<xfact:agent agent_id="mvc-eligqual_main-HWWorkitemDataService_Proxy-HWWorkitemData" http_hdr="false" instance="http://cms.bizflow.com/bizflow/webservice/HWWorkitemData.hws" protocol="http" type="soap_service" />
					<xfact:agent agent_id="mvc-eligqual_main-workflowdb-Database" driver="" instance="jdbc/workflowdb" isolation_level="TRANSACTION_READ_COMMITTED" protocol="jndi" pwd="" type="rdbms" uid="" />
					<xfact:agent agent_id="mvc-eligqual_gen-HWActivityService_Proxy-HWActivity" http_hdr="false" instance="http://cms.bizflow.com/bizflow/webservice/HWActivity.hws" protocol="http" type="soap_service" />
					<xfact:agent agent_id="mvc-eligqual_gen-HWApplicationsService_Proxy-HWApplications" http_hdr="false" instance="http://cms.bizflow.com/bizflow/webservice/HWApplications.hws" protocol="http" type="soap_service" />
					<xfact:agent agent_id="mvc-eligqual_gen-HWProcessService_Proxy-HWProcess" http_hdr="false" instance="http://cms.bizflow.com/bizflow/webservice/HWProcess.hws" protocol="http" type="soap_service" />
					<xfact:agent agent_id="mvc-eligqual_gen-HWProcessDefinitionService_Proxy-HWProcessDefinition" http_hdr="false" instance="http://cms.bizflow.com/bizflow/webservice/HWProcessDefinition.hws" protocol="http" type="soap_service" />
					<xfact:agent agent_id="mvc-eligqual_gen-HWSessionService_Proxy-HWSession" http_hdr="false" instance="http://cms.bizflow.com/bizflow/webservice/HWSession.hws" protocol="http" type="soap_service" />
					<xfact:agent agent_id="mvc-eligqual_gen-HWUserService_Proxy-HWUser" http_hdr="false" instance="http://cms.bizflow.com/bizflow/webservice/HWUser.hws" protocol="http" type="soap_service" />
					<xfact:agent agent_id="mvc-eligqual_gen-HWWorkitemService_Proxy-HWWorkitem" http_hdr="false" instance="http://cms.bizflow.com/bizflow/webservice/HWWorkitem.hws" protocol="http" type="soap_service" />
					<xfact:agent agent_id="mvc-eligqual_gen-HWWorkitemDataService_Proxy-HWWorkitemData" http_hdr="false" instance="http://cms.bizflow.com/bizflow/webservice/HWWorkitemData.hws" protocol="http" type="soap_service" />
					<xfact:agent agent_id="mvc-eligqual_gen-workflowdb-Database" driver="" instance="jdbc/workflowdb" isolation_level="TRANSACTION_READ_UNCOMMITTED" protocol="jndi" pwd="" type="rdbms" uid="" />
					<xfact:agent agent_id="mvc-eligqual_pos-HWActivityService_Proxy-HWActivity" http_hdr="false" instance="http://cms.bizflow.com/bizflow/webservice/HWActivity.hws" protocol="http" type="soap_service" />
					<xfact:agent agent_id="mvc-eligqual_pos-HWApplicationsService_Proxy-HWApplications" http_hdr="false" instance="http://cms.bizflow.com/bizflow/webservice/HWApplications.hws" protocol="http" type="soap_service" />
					<xfact:agent agent_id="mvc-eligqual_pos-HWProcessService_Proxy-HWProcess" http_hdr="false" instance="http://cms.bizflow.com/bizflow/webservice/HWProcess.hws" protocol="http" type="soap_service" />
					<xfact:agent agent_id="mvc-eligqual_pos-HWProcessDefinitionService_Proxy-HWProcessDefinition" http_hdr="false" instance="http://cms.bizflow.com/bizflow/webservice/HWProcessDefinition.hws" protocol="http" type="soap_service" />
					<xfact:agent agent_id="mvc-eligqual_pos-HWSessionService_Proxy-HWSession" http_hdr="false" instance="http://cms.bizflow.com/bizflow/webservice/HWSession.hws" protocol="http" type="soap_service" />
					<xfact:agent agent_id="mvc-eligqual_pos-HWUserService_Proxy-HWUser" http_hdr="false" instance="http://cms.bizflow.com/bizflow/webservice/HWUser.hws" protocol="http" type="soap_service" />
					<xfact:agent agent_id="mvc-eligqual_pos-HWWorkitemService_Proxy-HWWorkitem" http_hdr="false" instance="http://cms.bizflow.com/bizflow/webservice/HWWorkitem.hws" protocol="http" type="soap_service" />
					<xfact:agent agent_id="mvc-eligqual_pos-HWWorkitemDataService_Proxy-HWWorkitemData" http_hdr="false" instance="http://cms.bizflow.com/bizflow/webservice/HWWorkitemData.hws" protocol="http" type="soap_service" />
					<xfact:agent agent_id="mvc-eligqual_pos-workflowdb-Database" driver="" instance="jdbc/workflowdb" isolation_level="TRANSACTION_READ_UNCOMMITTED" protocol="jndi" pwd="" type="rdbms" uid="" />
					<xfact:agent agent_id="mvc-eligqual_rev-HWActivityService_Proxy-HWActivity" http_hdr="false" instance="http://cms.bizflow.com/bizflow/webservice/HWActivity.hws" protocol="http" type="soap_service" />
					<xfact:agent agent_id="mvc-eligqual_rev-HWApplicationsService_Proxy-HWApplications" http_hdr="false" instance="http://cms.bizflow.com/bizflow/webservice/HWApplications.hws" protocol="http" type="soap_service" />
					<xfact:agent agent_id="mvc-eligqual_rev-HWProcessService_Proxy-HWProcess" http_hdr="false" instance="http://cms.bizflow.com/bizflow/webservice/HWProcess.hws" protocol="http" type="soap_service" />
					<xfact:agent agent_id="mvc-eligqual_rev-HWProcessDefinitionService_Proxy-HWProcessDefinition" http_hdr="false" instance="http://cms.bizflow.com/bizflow/webservice/HWProcessDefinition.hws" protocol="http" type="soap_service" />
					<xfact:agent agent_id="mvc-eligqual_rev-HWSessionService_Proxy-HWSession" http_hdr="false" instance="http://cms.bizflow.com/bizflow/webservice/HWSession.hws" protocol="http" type="soap_service" />
					<xfact:agent agent_id="mvc-eligqual_rev-HWUserService_Proxy-HWUser" http_hdr="false" instance="http://cms.bizflow.com/bizflow/webservice/HWUser.hws" protocol="http" type="soap_service" />
					<xfact:agent agent_id="mvc-eligqual_rev-HWWorkitemService_Proxy-HWWorkitem" http_hdr="false" instance="http://cms.bizflow.com/bizflow/webservice/HWWorkitem.hws" protocol="http" type="soap_service" />
					<xfact:agent agent_id="mvc-eligqual_rev-HWWorkitemDataService_Proxy-HWWorkitemData" http_hdr="false" instance="http://cms.bizflow.com/bizflow/webservice/HWWorkitemData.hws" protocol="http" type="soap_service" />
					<xfact:agent agent_id="mvc-eligqual_sel-HWActivityService_Proxy-HWActivity" http_hdr="false" instance="http://cms.bizflow.com/bizflow/webservice/HWActivity.hws" protocol="http" type="soap_service" />
					<xfact:agent agent_id="mvc-eligqual_sel-HWApplicationsService_Proxy-HWApplications" http_hdr="false" instance="http://cms.bizflow.com/bizflow/webservice/HWApplications.hws" protocol="http" type="soap_service" />
					<xfact:agent agent_id="mvc-eligqual_sel-HWProcessService_Proxy-HWProcess" http_hdr="false" instance="http://cms.bizflow.com/bizflow/webservice/HWProcess.hws" protocol="http" type="soap_service" />
					<xfact:agent agent_id="mvc-eligqual_sel-HWProcessDefinitionService_Proxy-HWProcessDefinition" http_hdr="false" instance="http://cms.bizflow.com/bizflow/webservice/HWProcessDefinition.hws" protocol="http" type="soap_service" />
					<xfact:agent agent_id="mvc-eligqual_sel-HWSessionService_Proxy-HWSession" http_hdr="false" instance="http://cms.bizflow.com/bizflow/webservice/HWSession.hws" protocol="http" type="soap_service" />
					<xfact:agent agent_id="mvc-eligqual_sel-HWUserService_Proxy-HWUser" http_hdr="false" instance="http://cms.bizflow.com/bizflow/webservice/HWUser.hws" protocol="http" type="soap_service" />
					<xfact:agent agent_id="mvc-eligqual_sel-HWWorkitemService_Proxy-HWWorkitem" http_hdr="false" instance="http://cms.bizflow.com/bizflow/webservice/HWWorkitem.hws" protocol="http" type="soap_service" />
					<xfact:agent agent_id="mvc-eligqual_sel-HWWorkitemDataService_Proxy-HWWorkitemData" http_hdr="false" instance="http://cms.bizflow.com/bizflow/webservice/HWWorkitemData.hws" protocol="http" type="soap_service" />
					<xfact:agent agent_id="mvc-eligqual_apr-HWActivityService_Proxy-HWActivity" http_hdr="false" instance="http://cms.bizflow.com/bizflow/webservice/HWActivity.hws" protocol="http" type="soap_service" />
					<xfact:agent agent_id="mvc-eligqual_apr-HWApplicationsService_Proxy-HWApplications" http_hdr="false" instance="http://cms.bizflow.com/bizflow/webservice/HWApplications.hws" protocol="http" type="soap_service" />
					<xfact:agent agent_id="mvc-eligqual_apr-HWProcessService_Proxy-HWProcess" http_hdr="false" instance="http://cms.bizflow.com/bizflow/webservice/HWProcess.hws" protocol="http" type="soap_service" />
					<xfact:agent agent_id="mvc-eligqual_apr-HWProcessDefinitionService_Proxy-HWProcessDefinition" http_hdr="false" instance="http://cms.bizflow.com/bizflow/webservice/HWProcessDefinition.hws" protocol="http" type="soap_service" />
					<xfact:agent agent_id="mvc-eligqual_apr-HWSessionService_Proxy-HWSession" http_hdr="false" instance="http://cms.bizflow.com/bizflow/webservice/HWSession.hws" protocol="http" type="soap_service" />
					<xfact:agent agent_id="mvc-eligqual_apr-HWUserService_Proxy-HWUser" http_hdr="false" instance="http://cms.bizflow.com/bizflow/webservice/HWUser.hws" protocol="http" type="soap_service" />
					<xfact:agent agent_id="mvc-eligqual_apr-HWWorkitemService_Proxy-HWWorkitem" http_hdr="false" instance="http://cms.bizflow.com/bizflow/webservice/HWWorkitem.hws" protocol="http" type="soap_service" />
					<xfact:agent agent_id="mvc-eligqual_apr-HWWorkitemDataService_Proxy-HWWorkitemData" http_hdr="false" instance="http://cms.bizflow.com/bizflow/webservice/HWWorkitemData.hws" protocol="http" type="soap_service" />
				</xfact:agent_configuration>
			</xfact:xplatform>
		</morphyc>
	</environment>
	<environment default="true" name="Publish to local dev" xmlns="http://www.hyfinity.com/xfactory">
		<selected_type>
			<name>BizFlow</name>
			<params>
				<param name="application.name" value="eligqual" />
				<param name="fallback.server.url" value="http://myserver:8080/bizflowwebmaker" />
				<param name="force.fallback" value="true" />
			</params>
		</selected_type>
		<included_projects>
			<project name="eligqual_main" type="mvc" workspace="CMS" />
			<project name="eligqual_gen" type="mvc" workspace="CMS" />
			<project name="eligqual_pos" type="mvc" workspace="CMS" />
			<project name="eligqual_rev" type="mvc" workspace="CMS" />
			<project name="eligqual_sel" type="mvc" workspace="CMS" />
			<project name="eligqual_apr" type="mvc" workspace="CMS" />
		</included_projects>
		<morphyc>
			<xfact:xplatform mode="static" xmlns:xfact="http://www.hyfinity.com/xfactory">
				<platform_cleanup enabled="false" run_interval="">
					<engine_cleardown min_idle_time="" />
				</platform_cleanup>
				<pooling max="100" min="50" pooled="true" />
				<development_logging check_log_overrides="false" log="true" output_to_screen="false">
					<log_destination>log.txt</log_destination>
					<archive_previous_log max_backup_index="15" max_file_size="15485760">true</archive_previous_log>
					<log_agent_messages>true</log_agent_messages>
					<log_rule_messages>true</log_rule_messages>
					<log_rule_result_messages>true</log_rule_result_messages>
					<log_rule_checking>true</log_rule_checking>
				</development_logging>
				<administration_logging log="false" output_to_screen="false">
					<log_destination>admin_log.txt</log_destination>
					<archive_previous_log max_backup_index="10" max_file_size="10485760">true</archive_previous_log>
					<log_session_activity>true</log_session_activity>
					<log_cache_activity>true</log_cache_activity>
					<log_asset_activity>true</log_asset_activity>
					<log_engine_activity>true</log_engine_activity>
				</administration_logging>
				<platform_logging check_log_overrides="false" log="true" output_to_screen="false">
					<log_level>error</log_level>
					<log_destination>log.txt</log_destination>
					<archive_previous_log max_backup_index="1" max_file_size="10485760">false</archive_previous_log>
				</platform_logging>
				<xfact:agent_configuration>
					<xfact:agent agent_id="mvc-eligqual_main-HWActivityService_Proxy-HWActivity" http_hdr="false" instance="http://myserver:8080/bizflow/webservice/HWActivity.hws" protocol="http" type="soap_service" />
					<xfact:agent agent_id="mvc-eligqual_main-HWApplicationsService_Proxy-HWApplications" http_hdr="false" instance="http://myserver:8080/bizflow/webservice/HWApplications.hws" protocol="http" type="soap_service" />
					<xfact:agent agent_id="mvc-eligqual_main-HWProcessService_Proxy-HWProcess" http_hdr="false" instance="http://myserver:8080/bizflow/webservice/HWProcess.hws" protocol="http" type="soap_service" />
					<xfact:agent agent_id="mvc-eligqual_main-HWProcessDefinitionService_Proxy-HWProcessDefinition" http_hdr="false" instance="http://myserver:8080/bizflow/webservice/HWProcessDefinition.hws" protocol="http" type="soap_service" />
					<xfact:agent agent_id="mvc-eligqual_main-HWSessionService_Proxy-HWSession" http_hdr="false" instance="http://myserver:8080/bizflow/webservice/HWSession.hws" protocol="http" type="soap_service" />
					<xfact:agent agent_id="mvc-eligqual_main-HWUserService_Proxy-HWUser" http_hdr="false" instance="http://myserver:8080/bizflow/webservice/HWUser.hws" protocol="http" type="soap_service" />
					<xfact:agent agent_id="mvc-eligqual_main-HWWorkitemService_Proxy-HWWorkitem" http_hdr="false" instance="http://myserver:8080/bizflow/webservice/HWWorkitem.hws" protocol="http" type="soap_service" />
					<xfact:agent agent_id="mvc-eligqual_main-HWWorkitemDataService_Proxy-HWWorkitemData" http_hdr="false" instance="http://myserver:8080/bizflow/webservice/HWWorkitemData.hws" protocol="http" type="soap_service" />
					<xfact:agent agent_id="mvc-eligqual_main-workflowdb-Database" driver="" instance="jdbc/workflowdb" isolation_level="TRANSACTION_READ_COMMITTED" protocol="jndi" pwd="" type="rdbms" uid="" />
					<xfact:agent agent_id="mvc-eligqual_gen-HWActivityService_Proxy-HWActivity" http_hdr="false" instance="http://myserver:8080/bizflow/webservice/HWActivity.hws" protocol="http" type="soap_service" />
					<xfact:agent agent_id="mvc-eligqual_gen-HWApplicationsService_Proxy-HWApplications" http_hdr="false" instance="http://myserver:8080/bizflow/webservice/HWApplications.hws" protocol="http" type="soap_service" />
					<xfact:agent agent_id="mvc-eligqual_gen-HWProcessService_Proxy-HWProcess" http_hdr="false" instance="http://myserver:8080/bizflow/webservice/HWProcess.hws" protocol="http" type="soap_service" />
					<xfact:agent agent_id="mvc-eligqual_gen-HWProcessDefinitionService_Proxy-HWProcessDefinition" http_hdr="false" instance="http://myserver:8080/bizflow/webservice/HWProcessDefinition.hws" protocol="http" type="soap_service" />
					<xfact:agent agent_id="mvc-eligqual_gen-HWSessionService_Proxy-HWSession" http_hdr="false" instance="http://myserver:8080/bizflow/webservice/HWSession.hws" protocol="http" type="soap_service" />
					<xfact:agent agent_id="mvc-eligqual_gen-HWUserService_Proxy-HWUser" http_hdr="false" instance="http://myserver:8080/bizflow/webservice/HWUser.hws" protocol="http" type="soap_service" />
					<xfact:agent agent_id="mvc-eligqual_gen-HWWorkitemService_Proxy-HWWorkitem" http_hdr="false" instance="http://myserver:8080/bizflow/webservice/HWWorkitem.hws" protocol="http" type="soap_service" />
					<xfact:agent agent_id="mvc-eligqual_gen-HWWorkitemDataService_Proxy-HWWorkitemData" http_hdr="false" instance="http://myserver:8080/bizflow/webservice/HWWorkitemData.hws" protocol="http" type="soap_service" />
					<xfact:agent agent_id="mvc-eligqual_gen-workflowdb-Database" driver="" instance="jdbc/workflowdb" isolation_level="TRANSACTION_READ_UNCOMMITTED" protocol="jndi" pwd="" type="rdbms" uid="" />
					<xfact:agent agent_id="mvc-eligqual_pos-HWActivityService_Proxy-HWActivity" http_hdr="false" instance="http://myserver:8080/bizflow/webservice/HWActivity.hws" protocol="http" type="soap_service" />
					<xfact:agent agent_id="mvc-eligqual_pos-HWApplicationsService_Proxy-HWApplications" http_hdr="false" instance="http://myserver:8080/bizflow/webservice/HWApplications.hws" protocol="http" type="soap_service" />
					<xfact:agent agent_id="mvc-eligqual_pos-HWProcessService_Proxy-HWProcess" http_hdr="false" instance="http://myserver:8080/bizflow/webservice/HWProcess.hws" protocol="http" type="soap_service" />
					<xfact:agent agent_id="mvc-eligqual_pos-HWProcessDefinitionService_Proxy-HWProcessDefinition" http_hdr="false" instance="http://myserver:8080/bizflow/webservice/HWProcessDefinition.hws" protocol="http" type="soap_service" />
					<xfact:agent agent_id="mvc-eligqual_pos-HWSessionService_Proxy-HWSession" http_hdr="false" instance="http://myserver:8080/bizflow/webservice/HWSession.hws" protocol="http" type="soap_service" />
					<xfact:agent agent_id="mvc-eligqual_pos-HWUserService_Proxy-HWUser" http_hdr="false" instance="http://myserver:8080/bizflow/webservice/HWUser.hws" protocol="http" type="soap_service" />
					<xfact:agent agent_id="mvc-eligqual_pos-HWWorkitemService_Proxy-HWWorkitem" http_hdr="false" instance="http://myserver:8080/bizflow/webservice/HWWorkitem.hws" protocol="http" type="soap_service" />
					<xfact:agent agent_id="mvc-eligqual_pos-HWWorkitemDataService_Proxy-HWWorkitemData" http_hdr="false" instance="http://myserver:8080/bizflow/webservice/HWWorkitemData.hws" protocol="http" type="soap_service" />
					<xfact:agent agent_id="mvc-eligqual_pos-workflowdb-Database" driver="" instance="jdbc/workflowdb" isolation_level="TRANSACTION_READ_UNCOMMITTED" protocol="jndi" pwd="" type="rdbms" uid="" />
					<xfact:agent agent_id="mvc-eligqual_rev-HWActivityService_Proxy-HWActivity" http_hdr="false" instance="http://myserver:8080/bizflow/webservice/HWActivity.hws" protocol="http" type="soap_service" />
					<xfact:agent agent_id="mvc-eligqual_rev-HWApplicationsService_Proxy-HWApplications" http_hdr="false" instance="http://myserver:8080/bizflow/webservice/HWApplications.hws" protocol="http" type="soap_service" />
					<xfact:agent agent_id="mvc-eligqual_rev-HWProcessService_Proxy-HWProcess" http_hdr="false" instance="http://myserver:8080/bizflow/webservice/HWProcess.hws" protocol="http" type="soap_service" />
					<xfact:agent agent_id="mvc-eligqual_rev-HWProcessDefinitionService_Proxy-HWProcessDefinition" http_hdr="false" instance="http://myserver:8080/bizflow/webservice/HWProcessDefinition.hws" protocol="http" type="soap_service" />
					<xfact:agent agent_id="mvc-eligqual_rev-HWSessionService_Proxy-HWSession" http_hdr="false" instance="http://myserver:8080/bizflow/webservice/HWSession.hws" protocol="http" type="soap_service" />
					<xfact:agent agent_id="mvc-eligqual_rev-HWUserService_Proxy-HWUser" http_hdr="false" instance="http://myserver:8080/bizflow/webservice/HWUser.hws" protocol="http" type="soap_service" />
					<xfact:agent agent_id="mvc-eligqual_rev-HWWorkitemService_Proxy-HWWorkitem" http_hdr="false" instance="http://myserver:8080/bizflow/webservice/HWWorkitem.hws" protocol="http" type="soap_service" />
					<xfact:agent agent_id="mvc-eligqual_rev-HWWorkitemDataService_Proxy-HWWorkitemData" http_hdr="false" instance="http://myserver:8080/bizflow/webservice/HWWorkitemData.hws" protocol="http" type="soap_service" />
					<xfact:agent agent_id="mvc-eligqual_sel-HWActivityService_Proxy-HWActivity" http_hdr="false" instance="http://myserver:8080/bizflow/webservice/HWActivity.hws" protocol="http" type="soap_service" />
					<xfact:agent agent_id="mvc-eligqual_sel-HWApplicationsService_Proxy-HWApplications" http_hdr="false" instance="http://myserver:8080/bizflow/webservice/HWApplications.hws" protocol="http" type="soap_service" />
					<xfact:agent agent_id="mvc-eligqual_sel-HWProcessService_Proxy-HWProcess" http_hdr="false" instance="http://myserver:8080/bizflow/webservice/HWProcess.hws" protocol="http" type="soap_service" />
					<xfact:agent agent_id="mvc-eligqual_sel-HWProcessDefinitionService_Proxy-HWProcessDefinition" http_hdr="false" instance="http://myserver:8080/bizflow/webservice/HWProcessDefinition.hws" protocol="http" type="soap_service" />
					<xfact:agent agent_id="mvc-eligqual_sel-HWSessionService_Proxy-HWSession" http_hdr="false" instance="http://myserver:8080/bizflow/webservice/HWSession.hws" protocol="http" type="soap_service" />
					<xfact:agent agent_id="mvc-eligqual_sel-HWUserService_Proxy-HWUser" http_hdr="false" instance="http://myserver:8080/bizflow/webservice/HWUser.hws" protocol="http" type="soap_service" />
					<xfact:agent agent_id="mvc-eligqual_sel-HWWorkitemService_Proxy-HWWorkitem" http_hdr="false" instance="http://myserver:8080/bizflow/webservice/HWWorkitem.hws" protocol="http" type="soap_service" />
					<xfact:agent agent_id="mvc-eligqual_sel-HWWorkitemDataService_Proxy-HWWorkitemData" http_hdr="false" instance="http://myserver:8080/bizflow/webservice/HWWorkitemData.hws" protocol="http" type="soap_service" />
					<xfact:agent agent_id="mvc-eligqual_apr-HWActivityService_Proxy-HWActivity" http_hdr="false" instance="http://myserver:8080/bizflow/webservice/HWActivity.hws" protocol="http" type="soap_service" />
					<xfact:agent agent_id="mvc-eligqual_apr-HWApplicationsService_Proxy-HWApplications" http_hdr="false" instance="http://myserver:8080/bizflow/webservice/HWApplications.hws" protocol="http" type="soap_service" />
					<xfact:agent agent_id="mvc-eligqual_apr-HWProcessService_Proxy-HWProcess" http_hdr="false" instance="http://myserver:8080/bizflow/webservice/HWProcess.hws" protocol="http" type="soap_service" />
					<xfact:agent agent_id="mvc-eligqual_apr-HWProcessDefinitionService_Proxy-HWProcessDefinition" http_hdr="false" instance="http://myserver:8080/bizflow/webservice/HWProcessDefinition.hws" protocol="http" type="soap_service" />
					<xfact:agent agent_id="mvc-eligqual_apr-HWSessionService_Proxy-HWSession" http_hdr="false" instance="http://myserver:8080/bizflow/webservice/HWSession.hws" protocol="http" type="soap_service" />
					<xfact:agent agent_id="mvc-eligqual_apr-HWUserService_Proxy-HWUser" http_hdr="false" instance="http://myserver:8080/bizflow/webservice/HWUser.hws" protocol="http" type="soap_service" />
					<xfact:agent agent_id="mvc-eligqual_apr-HWWorkitemService_Proxy-HWWorkitem" http_hdr="false" instance="http://myserver:8080/bizflow/webservice/HWWorkitem.hws" protocol="http" type="soap_service" />
					<xfact:agent agent_id="mvc-eligqual_apr-HWWorkitemDataService_Proxy-HWWorkitemData" http_hdr="false" instance="http://myserver:8080/bizflow/webservice/HWWorkitemData.hws" protocol="http" type="soap_service" />
				</xfact:agent_configuration>
			</xfact:xplatform>
		</morphyc>
	</environment>
	<environment default="false" name="local-proxy" xmlns="http://www.hyfinity.com/xfactory">
		<selected_type>
			<name>BizFlow</name>
			<params>
				<param name="application.name" value="eligqual" />
				<param name="fallback.server.url" value="http://localhost/bizflowwebmaker" />
				<param name="force.fallback" value="true" />
			</params>
		</selected_type>
		<included_projects>
			<project name="eligqual_main" type="mvc" workspace="CMS" />
			<project name="eligqual_gen" type="mvc" workspace="CMS" />
			<project name="eligqual_pos" type="mvc" workspace="CMS" />
			<project name="eligqual_rev" type="mvc" workspace="CMS" />
			<project name="eligqual_sel" type="mvc" workspace="CMS" />
			<project name="eligqual_apr" type="mvc" workspace="CMS" />
		</included_projects>
		<morphyc>
			<xfact:xplatform mode="static" xmlns:xfact="http://www.hyfinity.com/xfactory">
				<platform_cleanup enabled="false" run_interval="">
					<engine_cleardown min_idle_time="" />
				</platform_cleanup>
				<pooling max="10" min="5" pooled="true" />
				<development_logging check_log_overrides="false" log="true" output_to_screen="false">
					<log_destination>log.txt</log_destination>
					<archive_previous_log max_backup_index="15" max_file_size="15485760">true</archive_previous_log>
					<log_agent_messages>true</log_agent_messages>
					<log_rule_messages>true</log_rule_messages>
					<log_rule_result_messages>true</log_rule_result_messages>
					<log_rule_checking>true</log_rule_checking>
				</development_logging>
				<administration_logging log="false" output_to_screen="false">
					<log_destination>admin_log.txt</log_destination>
					<archive_previous_log max_backup_index="10" max_file_size="10485760">true</archive_previous_log>
					<log_session_activity>true</log_session_activity>
					<log_cache_activity>true</log_cache_activity>
					<log_asset_activity>true</log_asset_activity>
					<log_engine_activity>true</log_engine_activity>
				</administration_logging>
				<platform_logging check_log_overrides="false" log="true" output_to_screen="false">
					<log_level>error</log_level>
					<log_destination>log.txt</log_destination>
					<archive_previous_log max_backup_index="1" max_file_size="10485760">false</archive_previous_log>
				</platform_logging>
				<xfact:agent_configuration>
					<xfact:agent agent_id="mvc-eligqual_main-HWActivityService_Proxy-HWActivity" http_hdr="false" instance="http://localhost/bizflow/webservice/HWActivity.hws" protocol="http" type="soap_service" />
					<xfact:agent agent_id="mvc-eligqual_main-HWApplicationsService_Proxy-HWApplications" http_hdr="false" instance="http://localhost/bizflow/webservice/HWApplications.hws" protocol="http" type="soap_service" />
					<xfact:agent agent_id="mvc-eligqual_main-HWProcessService_Proxy-HWProcess" http_hdr="false" instance="http://localhost/bizflow/webservice/HWProcess.hws" protocol="http" type="soap_service" />
					<xfact:agent agent_id="mvc-eligqual_main-HWProcessDefinitionService_Proxy-HWProcessDefinition" http_hdr="false" instance="http://localhost/bizflow/webservice/HWProcessDefinition.hws" protocol="http" type="soap_service" />
					<xfact:agent agent_id="mvc-eligqual_main-HWSessionService_Proxy-HWSession" http_hdr="false" instance="http://localhost/bizflow/webservice/HWSession.hws" protocol="http" type="soap_service" />
					<xfact:agent agent_id="mvc-eligqual_main-HWUserService_Proxy-HWUser" http_hdr="false" instance="http://localhost/bizflow/webservice/HWUser.hws" protocol="http" type="soap_service" />
					<xfact:agent agent_id="mvc-eligqual_main-HWWorkitemService_Proxy-HWWorkitem" http_hdr="false" instance="http://localhost/bizflow/webservice/HWWorkitem.hws" protocol="http" type="soap_service" />
					<xfact:agent agent_id="mvc-eligqual_main-HWWorkitemDataService_Proxy-HWWorkitemData" http_hdr="false" instance="http://localhost/bizflow/webservice/HWWorkitemData.hws" protocol="http" type="soap_service" />
					<xfact:agent agent_id="mvc-eligqual_main-workflowdb-Database" driver="" instance="jdbc/workflowdb" isolation_level="TRANSACTION_READ_COMMITTED" protocol="jndi" pwd="" type="rdbms" uid="" />
					<xfact:agent agent_id="mvc-eligqual_gen-HWActivityService_Proxy-HWActivity" http_hdr="false" instance="http://localhost/bizflow/webservice/HWActivity.hws" protocol="http" type="soap_service" />
					<xfact:agent agent_id="mvc-eligqual_gen-HWApplicationsService_Proxy-HWApplications" http_hdr="false" instance="http://localhost/bizflow/webservice/HWApplications.hws" protocol="http" type="soap_service" />
					<xfact:agent agent_id="mvc-eligqual_gen-HWProcessService_Proxy-HWProcess" http_hdr="false" instance="http://localhost/bizflow/webservice/HWProcess.hws" protocol="http" type="soap_service" />
					<xfact:agent agent_id="mvc-eligqual_gen-HWProcessDefinitionService_Proxy-HWProcessDefinition" http_hdr="false" instance="http://localhost/bizflow/webservice/HWProcessDefinition.hws" protocol="http" type="soap_service" />
					<xfact:agent agent_id="mvc-eligqual_gen-HWSessionService_Proxy-HWSession" http_hdr="false" instance="http://localhost/bizflow/webservice/HWSession.hws" protocol="http" type="soap_service" />
					<xfact:agent agent_id="mvc-eligqual_gen-HWUserService_Proxy-HWUser" http_hdr="false" instance="http://localhost/bizflow/webservice/HWUser.hws" protocol="http" type="soap_service" />
					<xfact:agent agent_id="mvc-eligqual_gen-HWWorkitemService_Proxy-HWWorkitem" http_hdr="false" instance="http://localhost/bizflow/webservice/HWWorkitem.hws" protocol="http" type="soap_service" />
					<xfact:agent agent_id="mvc-eligqual_gen-HWWorkitemDataService_Proxy-HWWorkitemData" http_hdr="false" instance="http://localhost/bizflow/webservice/HWWorkitemData.hws" protocol="http" type="soap_service" />
					<xfact:agent agent_id="mvc-eligqual_gen-workflowdb-Database" driver="" instance="jdbc/workflowdb" isolation_level="TRANSACTION_READ_UNCOMMITTED" protocol="jndi" pwd="" type="rdbms" uid="" />
					<xfact:agent agent_id="mvc-eligqual_pos-HWActivityService_Proxy-HWActivity" http_hdr="false" instance="http://localhost/bizflow/webservice/HWActivity.hws" protocol="http" type="soap_service" />
					<xfact:agent agent_id="mvc-eligqual_pos-HWApplicationsService_Proxy-HWApplications" http_hdr="false" instance="http://localhost/bizflow/webservice/HWApplications.hws" protocol="http" type="soap_service" />
					<xfact:agent agent_id="mvc-eligqual_pos-HWProcessService_Proxy-HWProcess" http_hdr="false" instance="http://localhost0/bizflow/webservice/HWProcess.hws" protocol="http" type="soap_service" />
					<xfact:agent agent_id="mvc-eligqual_pos-HWProcessDefinitionService_Proxy-HWProcessDefinition" http_hdr="false" instance="http://localhost/bizflow/webservice/HWProcessDefinition.hws" protocol="http" type="soap_service" />
					<xfact:agent agent_id="mvc-eligqual_pos-HWSessionService_Proxy-HWSession" http_hdr="false" instance="http://localhost/bizflow/webservice/HWSession.hws" protocol="http" type="soap_service" />
					<xfact:agent agent_id="mvc-eligqual_pos-HWUserService_Proxy-HWUser" http_hdr="false" instance="http://localhost/bizflow/webservice/HWUser.hws" protocol="http" type="soap_service" />
					<xfact:agent agent_id="mvc-eligqual_pos-HWWorkitemService_Proxy-HWWorkitem" http_hdr="false" instance="http://localhost/bizflow/webservice/HWWorkitem.hws" protocol="http" type="soap_service" />
					<xfact:agent agent_id="mvc-eligqual_pos-HWWorkitemDataService_Proxy-HWWorkitemData" http_hdr="false" instance="http://localhost/bizflow/webservice/HWWorkitemData.hws" protocol="http" type="soap_service" />
					<xfact:agent agent_id="mvc-eligqual_pos-workflowdb-Database" driver="" instance="jdbc/workflowdb" isolation_level="TRANSACTION_READ_UNCOMMITTED" protocol="jndi" pwd="" type="rdbms" uid="" />
					<xfact:agent agent_id="mvc-eligqual_rev-HWActivityService_Proxy-HWActivity" http_hdr="false" instance="http://localhost/bizflow/webservice/HWActivity.hws" protocol="http" type="soap_service" />
					<xfact:agent agent_id="mvc-eligqual_rev-HWApplicationsService_Proxy-HWApplications" http_hdr="false" instance="http://localhost/bizflow/webservice/HWApplications.hws" protocol="http" type="soap_service" />
					<xfact:agent agent_id="mvc-eligqual_rev-HWProcessService_Proxy-HWProcess" http_hdr="false" instance="http://localhost/bizflow/webservice/HWProcess.hws" protocol="http" type="soap_service" />
					<xfact:agent agent_id="mvc-eligqual_rev-HWProcessDefinitionService_Proxy-HWProcessDefinition" http_hdr="false" instance="http://localhost/bizflow/webservice/HWProcessDefinition.hws" protocol="http" type="soap_service" />
					<xfact:agent agent_id="mvc-eligqual_rev-HWSessionService_Proxy-HWSession" http_hdr="false" instance="http://localhost/bizflow/webservice/HWSession.hws" protocol="http" type="soap_service" />
					<xfact:agent agent_id="mvc-eligqual_rev-HWUserService_Proxy-HWUser" http_hdr="false" instance="http://localhost/bizflow/webservice/HWUser.hws" protocol="http" type="soap_service" />
					<xfact:agent agent_id="mvc-eligqual_rev-HWWorkitemService_Proxy-HWWorkitem" http_hdr="false" instance="http://localhost/bizflow/webservice/HWWorkitem.hws" protocol="http" type="soap_service" />
					<xfact:agent agent_id="mvc-eligqual_rev-HWWorkitemDataService_Proxy-HWWorkitemData" http_hdr="false" instance="http://localhost/bizflow/webservice/HWWorkitemData.hws" protocol="http" type="soap_service" />
					<xfact:agent agent_id="mvc-eligqual_sel-HWActivityService_Proxy-HWActivity" http_hdr="false" instance="http://localhost/bizflow/webservice/HWActivity.hws" protocol="http" type="soap_service" />
					<xfact:agent agent_id="mvc-eligqual_sel-HWApplicationsService_Proxy-HWApplications" http_hdr="false" instance="http://localhost/bizflow/webservice/HWApplications.hws" protocol="http" type="soap_service" />
					<xfact:agent agent_id="mvc-eligqual_sel-HWProcessService_Proxy-HWProcess" http_hdr="false" instance="http://localhost/bizflow/webservice/HWProcess.hws" protocol="http" type="soap_service" />
					<xfact:agent agent_id="mvc-eligqual_sel-HWProcessDefinitionService_Proxy-HWProcessDefinition" http_hdr="false" instance="http://localhost/bizflow/webservice/HWProcessDefinition.hws" protocol="http" type="soap_service" />
					<xfact:agent agent_id="mvc-eligqual_sel-HWSessionService_Proxy-HWSession" http_hdr="false" instance="http://localhost/bizflow/webservice/HWSession.hws" protocol="http" type="soap_service" />
					<xfact:agent agent_id="mvc-eligqual_sel-HWUserService_Proxy-HWUser" http_hdr="false" instance="http://localhost/bizflow/webservice/HWUser.hws" protocol="http" type="soap_service" />
					<xfact:agent agent_id="mvc-eligqual_sel-HWWorkitemService_Proxy-HWWorkitem" http_hdr="false" instance="http://localhost/bizflow/webservice/HWWorkitem.hws" protocol="http" type="soap_service" />
					<xfact:agent agent_id="mvc-eligqual_sel-HWWorkitemDataService_Proxy-HWWorkitemData" http_hdr="false" instance="http://localhost/bizflow/webservice/HWWorkitemData.hws" protocol="http" type="soap_service" />
					<xfact:agent agent_id="mvc-eligqual_apr-HWActivityService_Proxy-HWActivity" http_hdr="false" instance="http://localhost/bizflow/webservice/HWActivity.hws" protocol="http" type="soap_service" />
					<xfact:agent agent_id="mvc-eligqual_apr-HWApplicationsService_Proxy-HWApplications" http_hdr="false" instance="http://localhost/bizflow/webservice/HWApplications.hws" protocol="http" type="soap_service" />
					<xfact:agent agent_id="mvc-eligqual_apr-HWProcessService_Proxy-HWProcess" http_hdr="false" instance="http://localhost/bizflow/webservice/HWProcess.hws" protocol="http" type="soap_service" />
					<xfact:agent agent_id="mvc-eligqual_apr-HWProcessDefinitionService_Proxy-HWProcessDefinition" http_hdr="false" instance="http://localhost/bizflow/webservice/HWProcessDefinition.hws" protocol="http" type="soap_service" />
					<xfact:agent agent_id="mvc-eligqual_apr-HWSessionService_Proxy-HWSession" http_hdr="false" instance="http://localhost/bizflow/webservice/HWSession.hws" protocol="http" type="soap_service" />
					<xfact:agent agent_id="mvc-eligqual_apr-HWUserService_Proxy-HWUser" http_hdr="false" instance="http://localhost/bizflow/webservice/HWUser.hws" protocol="http" type="soap_service" />
					<xfact:agent agent_id="mvc-eligqual_apr-HWWorkitemService_Proxy-HWWorkitem" http_hdr="false" instance="http://localhost/bizflow/webservice/HWWorkitem.hws" protocol="http" type="soap_service" />
					<xfact:agent agent_id="mvc-eligqual_apr-HWWorkitemDataService_Proxy-HWWorkitemData" http_hdr="false" instance="http://localhost/bizflow/webservice/HWWorkitemData.hws" protocol="http" type="soap_service" />
				</xfact:agent_configuration>
			</xfact:xplatform>
		</morphyc>
	</environment>
</ns1:publication_environments>
