<?xml version="1.0" encoding="UTF-8"?>
<xforms xmlns="http://www.hyfinity.com/formmaker" xmlns:mvc="http://www.hyfinity.com/mvc" xmlns:xs="http://www.w3.org/2001/XMLSchema">
	<instance_configuration>
		<action maintain_form_data="false" name="saveNewForm" />
		<action base="saveNewForm" maintain_form_data="false" name="saveTabContent" />
		<action maintain_form_data="false" name="getRequestNumber" />
	</instance_configuration>
	<page />
	<group name="background" />
	<group name="container" />
	<group name="logoSection" />
	<group name="logo" />
	<group name="title" />
	<group name="commonHeader" />
	<group name="commmonInfo" />
	<group name="bodySection" />
	<group name="tab_container_group" />
	<group name="tab1" />
	<group name="partial_tab1" />
	<group name="tab2" />
	<group name="partial_tab2" />
	<group name="tab3" />
	<group name="partial_tab3" />
	<group name="tab4" />
	<group name="partial_tab4" />
	<group name="tab5" />
	<group name="partial_tab5" />
	<group name="tab6" />
	<group name="partial_tab6" />
	<group name="tab7" />
	<group name="partial_tab7" />
	<group name="tab8" />
	<group name="partial_tab8" />
	<group name="tab9" />
	<group name="partial_tab9" />
	<group name="bottomSection" />
	<group name="system" />
	<group name="layout_TabPreviousNext" />
	<group name="layout_group" />
	<group name="layoutForResponse" />
	<group name="layout_group_4" />
	<group name="layout_group_5" />
	<element name="logoImage">
		<transform_xpath xmlns:fm="http://www.hyfinity.com/formmaker">/mvc:eForm/mvc:Data/mvc:formData/mvc:logoImage</transform_xpath>
		<action name="saveNewForm" xmlns:fm="http://www.hyfinity.com/formmaker">
			<xform_xpath>/mvc:eForm/mvc:Data/mvc:formData/mvc:logoImage</xform_xpath>
		</action>
		<action name="getRequestNumber" xmlns:fm="http://www.hyfinity.com/formmaker">
			<xform_xpath>/mvc:eForm/mvc:Data/mvc:formData/mvc:logoImage</xform_xpath>
		</action>
		<action name="saveTabContent" xmlns:fm="http://www.hyfinity.com/formmaker" />
	</element>
	<element name="formTitle">
		<action name="saveNewForm" xmlns:fm="http://www.hyfinity.com/formmaker">
			<xform_xpath>/mvc:eForm/mvc:Data/mvc:formData/mvc:formTitle</xform_xpath>
		</action>
		<transform_xpath xmlns:fm="http://www.hyfinity.com/formmaker">/mvc:eForm/mvc:Data/mvc:formData/mvc:formTitle</transform_xpath>
		<description />
		<action name="getRequestNumber" xmlns:fm="http://www.hyfinity.com/formmaker">
			<xform_xpath>/mvc:eForm/mvc:Data/mvc:formData/mvc:formTitle</xform_xpath>
		</action>
	</element>
	<element name="requestNumber">
		<action name="saveNewForm" xmlns:fm="http://www.hyfinity.com/formmaker">
			<xform_xpath>/mvc:eForm/mvc:Data/mvc:formData/mvc:requestNumber</xform_xpath>
		</action>
		<transform_xpath xmlns:fm="http://www.hyfinity.com/formmaker">/mvc:eForm/mvc:Data/mvc:formData/mvc:requestNumber</transform_xpath>
		<description />
		<action name="getRequestNumber" xmlns:fm="http://www.hyfinity.com/formmaker">
			<xform_xpath>/mvc:eForm/mvc:Data/mvc:formData/mvc:requestNumber</xform_xpath>
		</action>
	</element>
	<element name="initiatedDate">
		<action name="saveNewForm" xmlns:fm="http://www.hyfinity.com/formmaker" />
		<transform_xpath>/mvc:eForm/mvc:Data/mvc:formData/mvc:initiatedDate</transform_xpath>
		<action name="getRequestNumber" xmlns:fm="http://www.hyfinity.com/formmaker">
			<xform_xpath>/mvc:eForm/mvc:Data/mvc:formData/mvc:initiatedDate</xform_xpath>
		</action>
		<description />
	</element>
	<element name="requestType">
		<transform_xpath xmlns:fm="http://www.hyfinity.com/formmaker">/mvc:eForm/mvc:Data/mvc:formData/mvc:requestType</transform_xpath>
		<action name="saveNewForm" xmlns:fm="http://www.hyfinity.com/formmaker">
			<xform_xpath>/mvc:eForm/mvc:Data/mvc:formData/mvc:requestType</xform_xpath>
		</action>
		<action name="getRequestNumber" xmlns:fm="http://www.hyfinity.com/formmaker">
			<xform_xpath>/mvc:eForm/mvc:Data/mvc:formData/mvc:requestType</xform_xpath>
		</action>
	</element>
	<element name="initiatorName">
		<action name="saveNewForm" xmlns:fm="http://www.hyfinity.com/formmaker" />
		<transform_xpath>/mvc:eForm/mvc:Data/WorkitemContext/Process/InitiatorName</transform_xpath>
		<description />
		<action name="getRequestNumber" xmlns:fm="http://www.hyfinity.com/formmaker">
			<xform_xpath>/mvc:eForm/mvc:Data/mvc:formData/mvc:initiatorName</xform_xpath>
		</action>
	</element>
	<element name="output_requestStatus">
		<action name="saveNewForm" xmlns:fm="http://www.hyfinity.com/formmaker" />
		<action name="getRequestNumber" xmlns:fm="http://www.hyfinity.com/formmaker">
			<xform_xpath>/mvc:eForm/mvc:Data/mvc:formData/mvc:output_requestStatus</xform_xpath>
		</action>
		<transform_xpath>/mvc:eForm/mvc:Data/mvc:formData/mvc:output_requestStatus</transform_xpath>
		<description />
	</element>
	<element name="tab_control">
		<action name="saveNewForm">
			<xform_xpath>enter_xpath_here</xform_xpath>
		</action>
		<transform_xpath>/mvc:eForm/mvc:Data/mvc:formData/mvc:tab_control</transform_xpath>
		<description />
		<action name="getRequestNumber" xmlns:fm="http://www.hyfinity.com/formmaker">
			<xform_xpath>/mvc:eForm/mvc:Data/mvc:formData/mvc:tab_control</xform_xpath>
		</action>
	</element>
	<element name="button_Previous">
		<transform_xpath xmlns:fm="http://www.hyfinity.com/formmaker">/mvc:eForm/mvc:Data/mvc:formData/mvc:button_Previous</transform_xpath>
		<action name="saveNewForm" xmlns:fm="http://www.hyfinity.com/formmaker">
			<xform_xpath>/mvc:eForm/mvc:Data/mvc:formData/mvc:button_Previous</xform_xpath>
		</action>
		<action name="getRequestNumber" xmlns:fm="http://www.hyfinity.com/formmaker">
			<xform_xpath>/mvc:eForm/mvc:Data/mvc:formData/mvc:button_Previous</xform_xpath>
		</action>
	</element>
	<element name="button_Next">
		<transform_xpath xmlns:fm="http://www.hyfinity.com/formmaker">/mvc:eForm/mvc:Data/mvc:formData/mvc:button_Next</transform_xpath>
		<action name="saveNewForm" xmlns:fm="http://www.hyfinity.com/formmaker">
			<xform_xpath>/mvc:eForm/mvc:Data/mvc:formData/mvc:button_Next</xform_xpath>
		</action>
		<action name="getRequestNumber" xmlns:fm="http://www.hyfinity.com/formmaker">
			<xform_xpath>/mvc:eForm/mvc:Data/mvc:formData/mvc:button_Next</xform_xpath>
		</action>
	</element>
	<element name="button_notify">
		<description />
		<transform_xpath xmlns:fm="http://www.hyfinity.com/formmaker">/mvc:eForm/mvc:Data/mvc:formData/mvc:button_notify</transform_xpath>
		<action name="saveNewForm" xmlns:fm="http://www.hyfinity.com/formmaker">
			<xform_xpath>/mvc:eForm/mvc:Data/mvc:formData/mvc:button_notify</xform_xpath>
		</action>
		<action name="getRequestNumber" xmlns:fm="http://www.hyfinity.com/formmaker">
			<xform_xpath>/mvc:eForm/mvc:Data/mvc:formData/mvc:button_notify</xform_xpath>
		</action>
		<action name="saveTabContent" xmlns:fm="http://www.hyfinity.com/formmaker" />
	</element>
	<element name="button_sendToSO">
		<transform_xpath xmlns:fm="http://www.hyfinity.com/formmaker">/mvc:eForm/mvc:Data/mvc:formData/mvc:button_sendToSO</transform_xpath>
		<action name="saveNewForm" xmlns:fm="http://www.hyfinity.com/formmaker">
			<xform_xpath>/mvc:eForm/mvc:Data/mvc:formData/mvc:button_sendToSO</xform_xpath>
		</action>
		<action name="getRequestNumber" xmlns:fm="http://www.hyfinity.com/formmaker">
			<xform_xpath>/mvc:eForm/mvc:Data/mvc:formData/mvc:button_sendToSO</xform_xpath>
		</action>
		<action name="saveTabContent" xmlns:fm="http://www.hyfinity.com/formmaker" />
	</element>
	<element name="button_acknowledge">
		<transform_xpath xmlns:fm="http://www.hyfinity.com/formmaker">/mvc:eForm/mvc:Data/mvc:formData/mvc:button_acknowledge</transform_xpath>
		<action name="saveNewForm" xmlns:fm="http://www.hyfinity.com/formmaker">
			<xform_xpath>/mvc:eForm/mvc:Data/mvc:formData/mvc:button_acknowledge</xform_xpath>
		</action>
		<action name="getRequestNumber" xmlns:fm="http://www.hyfinity.com/formmaker">
			<xform_xpath>/mvc:eForm/mvc:Data/mvc:formData/mvc:button_acknowledge</xform_xpath>
		</action>
		<action name="saveTabContent" xmlns:fm="http://www.hyfinity.com/formmaker" />
	</element>
	<element name="button_returnForModification">
		<transform_xpath xmlns:fm="http://www.hyfinity.com/formmaker">/mvc:eForm/mvc:Data/mvc:formData/mvc:button_returnForModification</transform_xpath>
		<action name="saveNewForm" xmlns:fm="http://www.hyfinity.com/formmaker">
			<xform_xpath>/mvc:eForm/mvc:Data/mvc:formData/mvc:button_returnForModification</xform_xpath>
		</action>
		<action name="getRequestNumber" xmlns:fm="http://www.hyfinity.com/formmaker">
			<xform_xpath>/mvc:eForm/mvc:Data/mvc:formData/mvc:button_returnForModification</xform_xpath>
		</action>
		<action name="saveTabContent" xmlns:fm="http://www.hyfinity.com/formmaker" />
	</element>
	<element name="button_modify">
		<transform_xpath xmlns:fm="http://www.hyfinity.com/formmaker">/mvc:eForm/mvc:Data/mvc:formData/mvc:button_modify</transform_xpath>
		<action name="saveNewForm" xmlns:fm="http://www.hyfinity.com/formmaker">
			<xform_xpath>/mvc:eForm/mvc:Data/mvc:formData/mvc:button_modify</xform_xpath>
		</action>
		<action name="getRequestNumber" xmlns:fm="http://www.hyfinity.com/formmaker">
			<xform_xpath>/mvc:eForm/mvc:Data/mvc:formData/mvc:button_modify</xform_xpath>
		</action>
		<action name="saveTabContent" xmlns:fm="http://www.hyfinity.com/formmaker" />
	</element>
	<element name="button_approve">
		<description />
		<transform_xpath xmlns:fm="http://www.hyfinity.com/formmaker">/mvc:eForm/mvc:Data/mvc:formData/mvc:button_approve</transform_xpath>
		<action name="saveNewForm" xmlns:fm="http://www.hyfinity.com/formmaker">
			<xform_xpath>/mvc:eForm/mvc:Data/mvc:formData/mvc:button_approve</xform_xpath>
		</action>
		<action name="getRequestNumber" xmlns:fm="http://www.hyfinity.com/formmaker">
			<xform_xpath>/mvc:eForm/mvc:Data/mvc:formData/mvc:button_approve</xform_xpath>
		</action>
		<action name="saveTabContent" xmlns:fm="http://www.hyfinity.com/formmaker" />
	</element>
	<element name="button_returnToSO">
		<description />
		<transform_xpath xmlns:fm="http://www.hyfinity.com/formmaker">/mvc:eForm/mvc:Data/mvc:formData/mvc:button_returnToSO</transform_xpath>
		<action name="saveNewForm" xmlns:fm="http://www.hyfinity.com/formmaker">
			<xform_xpath>/mvc:eForm/mvc:Data/mvc:formData/mvc:button_returnToSO</xform_xpath>
		</action>
		<action name="getRequestNumber" xmlns:fm="http://www.hyfinity.com/formmaker">
			<xform_xpath>/mvc:eForm/mvc:Data/mvc:formData/mvc:button_returnToSO</xform_xpath>
		</action>
		<action name="saveTabContent" xmlns:fm="http://www.hyfinity.com/formmaker" />
	</element>
	<element name="button_CancelWorkitem">
		<transform_xpath xmlns:fm="http://www.hyfinity.com/formmaker">/mvc:eForm/mvc:Data/mvc:formData/mvc:button_CancelWorkitem</transform_xpath>
		<action name="saveNewForm" xmlns:fm="http://www.hyfinity.com/formmaker" />
		<description />
		<action name="getRequestNumber" xmlns:fm="http://www.hyfinity.com/formmaker">
			<xform_xpath>/mvc:eForm/mvc:Data/mvc:formData/mvc:button_CancelWorkitem</xform_xpath>
		</action>
	</element>
	<element name="button_SaveWorkitem">
		<description />
		<transform_xpath xmlns:fm="http://www.hyfinity.com/formmaker">/mvc:eForm/mvc:Data/mvc:formData/mvc:button_SaveWorkitem</transform_xpath>
		<action name="saveNewForm" xmlns:fm="http://www.hyfinity.com/formmaker" />
		<action name="getRequestNumber" xmlns:fm="http://www.hyfinity.com/formmaker" />
		<action name="saveTabContent" xmlns:fm="http://www.hyfinity.com/formmaker" />
	</element>
	<element name="button_ExitWIH">
		<description />
		<transform_xpath xmlns:fm="http://www.hyfinity.com/formmaker">/mvc:eForm/mvc:Data/mvc:formData/mvc:button_ExitWIH</transform_xpath>
		<action name="saveNewForm" xmlns:fm="http://www.hyfinity.com/formmaker" />
		<action name="getRequestNumber" xmlns:fm="http://www.hyfinity.com/formmaker">
			<xform_xpath>/mvc:eForm/mvc:Data/mvc:formData/mvc:button_ExitWIH</xform_xpath>
		</action>
		<action name="saveTabContent" xmlns:fm="http://www.hyfinity.com/formmaker" />
	</element>
	<element name="WIH_exit_requested">
		<action name="saveNewForm" xmlns:fm="http://www.hyfinity.com/formmaker">
			<xform_xpath>/mvc:eForm/mvc:Data/mvc:formData/mvc:WIH_exit_requested</xform_xpath>
		</action>
		<transform_xpath xmlns:fm="http://www.hyfinity.com/formmaker">/mvc:eForm/mvc:Data/mvc:formData/mvc:WIH_exit_requested</transform_xpath>
		<action name="getRequestNumber" xmlns:fm="http://www.hyfinity.com/formmaker">
			<xform_xpath>/mvc:eForm/mvc:Data/mvc:formData/mvc:WIH_exit_requested</xform_xpath>
		</action>
	</element>
	<element name="WIH_save_requested">
		<action name="saveNewForm" xmlns:fm="http://www.hyfinity.com/formmaker">
			<xform_xpath>/mvc:eForm/mvc:Data/mvc:formData/mvc:WIH_save_requested</xform_xpath>
		</action>
		<transform_xpath xmlns:fm="http://www.hyfinity.com/formmaker">/mvc:eForm/mvc:Data/mvc:formData/mvc:WIH_save_requested</transform_xpath>
		<action name="getRequestNumber" xmlns:fm="http://www.hyfinity.com/formmaker">
			<xform_xpath>/mvc:eForm/mvc:Data/mvc:formData/mvc:WIH_save_requested</xform_xpath>
		</action>
	</element>
	<element name="WIH_complete_requested">
		<action name="saveNewForm" xmlns:fm="http://www.hyfinity.com/formmaker">
			<xform_xpath>/mvc:eForm/mvc:Data/mvc:formData/mvc:WIH_complete_requested</xform_xpath>
		</action>
		<transform_xpath xmlns:fm="http://www.hyfinity.com/formmaker">/mvc:eForm/mvc:Data/mvc:formData/mvc:WIH_complete_requested</transform_xpath>
		<action name="getRequestNumber" xmlns:fm="http://www.hyfinity.com/formmaker">
			<xform_xpath>/mvc:eForm/mvc:Data/mvc:formData/mvc:WIH_complete_requested</xform_xpath>
		</action>
	</element>
	<element name="h_activityName">
		<action name="saveNewForm" xmlns:fm="http://www.hyfinity.com/formmaker">
			<xform_xpath>/mvc:eForm/mvc:Data/mvc:formData/mvc:h_activityName</xform_xpath>
		</action>
		<action name="getRequestNumber" xmlns:fm="http://www.hyfinity.com/formmaker">
			<xform_xpath>/mvc:eForm/mvc:Data/mvc:formData/mvc:h_activityName</xform_xpath>
		</action>
		<transform_xpath>/mvc:eForm/mvc:Data/WorkitemContext/Activity/Name</transform_xpath>
		<description />
	</element>
	<element name="h_witemParticipantID">
		<description />
		<transform_xpath>/mvc:eForm/mvc:Data/WorkitemContext/Workitem/Participant</transform_xpath>
		<action name="saveNewForm" xmlns:fm="http://www.hyfinity.com/formmaker">
			<xform_xpath>/mvc:eForm/mvc:Data/mvc:formData/mvc:h_witemParticipantID</xform_xpath>
		</action>
		<action name="getRequestNumber" xmlns:fm="http://www.hyfinity.com/formmaker">
			<xform_xpath>/mvc:eForm/mvc:Data/mvc:formData/mvc:h_witemParticipantID</xform_xpath>
		</action>
	</element>
	<element name="h_witemParticipantName">
		<action name="saveNewForm" xmlns:fm="http://www.hyfinity.com/formmaker">
			<xform_xpath>/mvc:eForm/mvc:Data/mvc:formData/mvc:h_witemParticipantName</xform_xpath>
		</action>
		<action name="getRequestNumber" xmlns:fm="http://www.hyfinity.com/formmaker">
			<xform_xpath>/mvc:eForm/mvc:Data/mvc:formData/mvc:h_witemParticipantName</xform_xpath>
		</action>
		<transform_xpath>/mvc:eForm/mvc:Data/WorkitemContext/Workitem/ParticipantName</transform_xpath>
		<description />
	</element>
	<element name="h_userGroups">
		<action name="saveNewForm" xmlns:fm="http://www.hyfinity.com/formmaker">
			<xform_xpath>/mvc:eForm/mvc:Data/mvc:formData/mvc:h_userGroups</xform_xpath>
		</action>
		<action name="getRequestNumber" xmlns:fm="http://www.hyfinity.com/formmaker">
			<xform_xpath>/mvc:eForm/mvc:Data/mvc:formData/mvc:h_userGroups</xform_xpath>
		</action>
		<transform_xpath>/mvc:eForm/mvc:Data/userGroups</transform_xpath>
		<description />
	</element>
	<element name="h_currentUserMemberID">
		<action name="saveNewForm" xmlns:fm="http://www.hyfinity.com/formmaker">
			<xform_xpath>/mvc:eForm/mvc:Data/mvc:formData/mvc:h_currentUserMemberID</xform_xpath>
		</action>
		<action name="getRequestNumber" xmlns:fm="http://www.hyfinity.com/formmaker">
			<xform_xpath>/mvc:eForm/mvc:Data/mvc:formData/mvc:h_currentUserMemberID</xform_xpath>
		</action>
		<transform_xpath>/mvc:eForm/mvc:Data/WorkitemContext/User/MemberID</transform_xpath>
		<description />
	</element>
	<element name="h_currentUserName">
		<action name="saveNewForm" xmlns:fm="http://www.hyfinity.com/formmaker">
			<xform_xpath>/mvc:eForm/mvc:Data/mvc:formData/mvc:h_currentUserName</xform_xpath>
		</action>
		<transform_xpath>/mvc:eForm/mvc:Data/WorkitemContext/User/Name</transform_xpath>
		<description />
		<action name="getRequestNumber" xmlns:fm="http://www.hyfinity.com/formmaker">
			<xform_xpath>/mvc:eForm/mvc:Data/mvc:formData/mvc:h_currentUserName</xform_xpath>
		</action>
	</element>
	<element name="h_creationdate">
		<action name="saveNewForm" xmlns:fm="http://www.hyfinity.com/formmaker">
			<xform_xpath>/mvc:eForm/mvc:Data/mvc:formData/mvc:h_creationdate</xform_xpath>
		</action>
		<transform_xpath>/mvc:eForm/mvc:Data/WorkitemContext/Process/CreationDateTime</transform_xpath>
		<description />
		<action name="getRequestNumber" xmlns:fm="http://www.hyfinity.com/formmaker">
			<xform_xpath>/mvc:eForm/mvc:Data/mvc:formData/mvc:h_creationdate</xform_xpath>
		</action>
	</element>
	<element name="h_lookupXMLString">
		<action name="saveNewForm" xmlns:fm="http://www.hyfinity.com/formmaker">
			<xform_xpath>/mvc:eForm/mvc:Data/mvc:formData/mvc:h_lookupXMLString</xform_xpath>
		</action>
		<transform_xpath>/mvc:eForm/mvc:Data/lookupString</transform_xpath>
		<description />
		<action name="getRequestNumber" xmlns:fm="http://www.hyfinity.com/formmaker">
			<xform_xpath>/mvc:eForm/mvc:Data/mvc:formData/mvc:h_lookupXMLString</xform_xpath>
		</action>
	</element>
	<element name="h_requestNumber">
		<action name="saveNewForm" xmlns:fm="http://www.hyfinity.com/formmaker">
			<xform_xpath>/mvc:eForm/mvc:Data/FORM_DATA/DOCUMENT/PROCESS_VARIABLE/requestNum</xform_xpath>
		</action>
		<action name="getRequestNumber" xmlns:fm="http://www.hyfinity.com/formmaker">
			<xform_xpath>/mvc:eForm/mvc:Data/mvc:formData/mvc:h_requestNumber</xform_xpath>
		</action>
		<transform_xpath>/mvc:eForm/mvc:Data/FORM_DATA/DOCUMENT/PROCESS_VARIABLE/requestNum</transform_xpath>
		<description />
	</element>
	<element name="cmscommon_sessioninfo">
		<action name="saveNewForm" xmlns:fm="http://www.hyfinity.com/formmaker">
			<xform_xpath>/mvc:eForm/mvc:Data/mvc:formData/mvc:cmscommon_sessioninfo</xform_xpath>
		</action>
		<action name="getRequestNumber" xmlns:fm="http://www.hyfinity.com/formmaker">
			<xform_xpath>/mvc:eForm/mvc:Data/mvc:formData/mvc:cmscommon_sessioninfo</xform_xpath>
		</action>
		<action name="saveTabContent" xmlns:fm="http://www.hyfinity.com/formmaker" />
		<transform_xpath>/mvc:eForm/mvc:Control/mvc:sessioninfo
</transform_xpath>
		<description />
	</element>
	<element name="cmscommon_procid">
		<description />
		<transform_xpath>/mvc:eForm/mvc:Control/mvc:procid</transform_xpath>
		<action name="saveNewForm" xmlns:fm="http://www.hyfinity.com/formmaker">
			<xform_xpath>/mvc:eForm/mvc:Data/mvc:formData/mvc:cmscommon_procid</xform_xpath>
		</action>
		<action name="getRequestNumber" xmlns:fm="http://www.hyfinity.com/formmaker">
			<xform_xpath>/mvc:eForm/mvc:Data/mvc:formData/mvc:cmscommon_procid</xform_xpath>
		</action>
		<action name="saveTabContent" xmlns:fm="http://www.hyfinity.com/formmaker" />
	</element>
	<element name="readOnly">
		<action name="saveNewForm" xmlns:fm="http://www.hyfinity.com/formmaker">
			<xform_xpath>/mvc:eForm/mvc:Data/mvc:formData/mvc:readOnly</xform_xpath>
		</action>
		<transform_xpath>/mvc:eForm/mvc:Control/mvc:readOnly</transform_xpath>
		<description />
		<action name="getRequestNumber" xmlns:fm="http://www.hyfinity.com/formmaker">
			<xform_xpath>/mvc:eForm/mvc:Data/mvc:formData/mvc:readOnly</xform_xpath>
		</action>
	</element>
	<element name="readOnly2">
		<transform_xpath xmlns:fm="http://www.hyfinity.com/formmaker">/mvc:eForm/mvc:Data/mvc:formData/mvc:readOnly2</transform_xpath>
		<action name="saveNewForm" xmlns:fm="http://www.hyfinity.com/formmaker">
			<xform_xpath>/mvc:eForm/mvc:Data/mvc:formData/mvc:readOnly2</xform_xpath>
		</action>
		<action name="getRequestNumber" xmlns:fm="http://www.hyfinity.com/formmaker">
			<xform_xpath>/mvc:eForm/mvc:Data/mvc:formData/mvc:readOnly2</xform_xpath>
		</action>
	</element>
	<element name="pv_requestStatus">
		<action name="saveNewForm" xmlns:fm="http://www.hyfinity.com/formmaker">
			<xform_xpath>/mvc:eForm/mvc:Data/FORM_DATA/DOCUMENT/PROCESS_VARIABLE/requestStatus</xform_xpath>
			<xform_xpath>/mvc:eForm/mvc:Data/WorkitemContext/Process/ProcessVariables/requestStatus</xform_xpath>
		</action>
		<action name="getRequestNumber" xmlns:fm="http://www.hyfinity.com/formmaker">
			<xform_xpath>/mvc:eForm/mvc:Data/mvc:formData/mvc:pv_requestStatus</xform_xpath>
		</action>
		<transform_xpath>/mvc:eForm/mvc:Data/WorkitemContext/Process/ProcessVariables/requestStatus</transform_xpath>
		<description />
	</element>
	<element name="pv_requestStatusDate">
		<action name="saveNewForm" xmlns:fm="http://www.hyfinity.com/formmaker">
			<xform_xpath>/mvc:eForm/mvc:Data/FORM_DATA/DOCUMENT/PROCESS_VARIABLE/requestStatusDate</xform_xpath>
			<xform_xpath>/mvc:eForm/mvc:Data/WorkitemContext/Process/ProcessVariables/requestStatusDate</xform_xpath>
		</action>
		<action name="getRequestNumber" xmlns:fm="http://www.hyfinity.com/formmaker">
			<xform_xpath>/mvc:eForm/mvc:Data/mvc:formData/mvc:pv_requestStatusDate</xform_xpath>
		</action>
		<transform_xpath>/mvc:eForm/mvc:Data/WorkitemContext/Process/ProcessVariables/requestStatusDate</transform_xpath>
		<description />
	</element>
	<element name="pv_selectOfficialReviewReq">
		<action name="saveNewForm" xmlns:fm="http://www.hyfinity.com/formmaker">
			<xform_xpath>/mvc:eForm/mvc:Data/FORM_DATA/DOCUMENT/PROCESS_VARIABLE/selectOfficialReviewReq</xform_xpath>
		</action>
		<action name="getRequestNumber" xmlns:fm="http://www.hyfinity.com/formmaker">
			<xform_xpath>/mvc:eForm/mvc:Data/mvc:formData/mvc:pv_selectOfficialReviewReq</xform_xpath>
		</action>
		<transform_xpath>/mvc:eForm/mvc:Data/FORM_DATA/DOCUMENT/PROCESS_VARIABLE/selectOfficialReviewReq</transform_xpath>
		<description />
	</element>
	<element name="pv_meetingResched">
		<action name="saveNewForm" xmlns:fm="http://www.hyfinity.com/formmaker">
			<xform_xpath>/mvc:eForm/mvc:Data/FORM_DATA/DOCUMENT/PROCESS_VARIABLE/meetingResched</xform_xpath>
		</action>
		<action name="getRequestNumber" xmlns:fm="http://www.hyfinity.com/formmaker">
			<xform_xpath>/mvc:eForm/mvc:Data/mvc:formData/mvc:pv_meetingResched</xform_xpath>
		</action>
		<transform_xpath>/mvc:eForm/mvc:Data/FORM_DATA/DOCUMENT/PROCESS_VARIABLE/meetingResched</transform_xpath>
		<description />
	</element>
	<element name="pv_meetingAckResponse">
		<action name="saveNewForm" xmlns:fm="http://www.hyfinity.com/formmaker">
			<xform_xpath>/mvc:eForm/mvc:Data/FORM_DATA/DOCUMENT/PROCESS_VARIABLE/meetingAckResponse</xform_xpath>
		</action>
		<action name="getRequestNumber" xmlns:fm="http://www.hyfinity.com/formmaker">
			<xform_xpath>/mvc:eForm/mvc:Data/mvc:formData/mvc:pv_meetingAckResponse</xform_xpath>
		</action>
		<transform_xpath>/mvc:eForm/mvc:Data/FORM_DATA/DOCUMENT/PROCESS_VARIABLE/meetingAckResponse</transform_xpath>
		<description />
	</element>
	<element name="pv_meetingApvResponse">
		<action name="saveNewForm" xmlns:fm="http://www.hyfinity.com/formmaker">
			<xform_xpath>/mvc:eForm/mvc:Data/FORM_DATA/DOCUMENT/PROCESS_VARIABLE/meetingApvResponse</xform_xpath>
		</action>
		<action name="getRequestNumber" xmlns:fm="http://www.hyfinity.com/formmaker">
			<xform_xpath>/mvc:eForm/mvc:Data/mvc:formData/mvc:pv_meetingApvResponse</xform_xpath>
		</action>
		<transform_xpath>/mvc:eForm/mvc:Data/FORM_DATA/DOCUMENT/PROCESS_VARIABLE/meetingApvResponse</transform_xpath>
		<description />
	</element>
	<element name="pv_returnToSOFromClassSpec">
		<action name="saveNewForm" xmlns:fm="http://www.hyfinity.com/formmaker">
			<xform_xpath>/mvc:eForm/mvc:Data/FORM_DATA/DOCUMENT/PROCESS_VARIABLE/returnToSOFromClassSpec</xform_xpath>
		</action>
		<action name="getRequestNumber" xmlns:fm="http://www.hyfinity.com/formmaker">
			<xform_xpath>/mvc:eForm/mvc:Data/mvc:formData/mvc:pv_returnToSOFromClassSpec</xform_xpath>
		</action>
		<transform_xpath>/mvc:eForm/mvc:Data/returnToSoFrom/record[NAME = 'returnToSOFromClassSpec']/VALUE</transform_xpath>
		<description />
	</element>
	<element name="pv_returnToSOFromStaffSpec">
		<action name="saveNewForm" xmlns:fm="http://www.hyfinity.com/formmaker">
			<xform_xpath>/mvc:eForm/mvc:Data/FORM_DATA/DOCUMENT/PROCESS_VARIABLE/returnToSOFromStaffSpec</xform_xpath>
		</action>
		<action name="getRequestNumber" xmlns:fm="http://www.hyfinity.com/formmaker">
			<xform_xpath>/mvc:eForm/mvc:Data/mvc:formData/mvc:pv_returnToSOFromStaffSpec</xform_xpath>
		</action>
		<transform_xpath>/mvc:eForm/mvc:Data/returnToSoFrom/record[NAME = 'returnToSOFromStaffSpec']/VALUE</transform_xpath>
		<description />
	</element>
	<element name="pv_worksheetFeedbackClassSpec">
		<action name="saveNewForm" xmlns:fm="http://www.hyfinity.com/formmaker">
			<xform_xpath>/mvc:eForm/mvc:Data/FORM_DATA/DOCUMENT/PROCESS_VARIABLE/worksheetFeedbackClassSpec</xform_xpath>
		</action>
		<action name="getRequestNumber" xmlns:fm="http://www.hyfinity.com/formmaker">
			<xform_xpath>/mvc:eForm/mvc:Data/mvc:formData/mvc:pv_worksheetFeedbackClassSpec</xform_xpath>
		</action>
		<transform_xpath>/mvc:eForm/mvc:Data/FORM_DATA/DOCUMENT/PROCESS_VARIABLE/worksheetFeedbackClassSpec</transform_xpath>
		<description />
	</element>
	<element name="pv_worksheetFeedbackSelectOfficial">
		<action name="saveNewForm" xmlns:fm="http://www.hyfinity.com/formmaker">
			<xform_xpath>/mvc:eForm/mvc:Data/FORM_DATA/DOCUMENT/PROCESS_VARIABLE/worksheetFeedbackSelectOfficial</xform_xpath>
		</action>
		<action name="getRequestNumber" xmlns:fm="http://www.hyfinity.com/formmaker">
			<xform_xpath>/mvc:eForm/mvc:Data/mvc:formData/mvc:pv_worksheetFeedbackSelectOfficial</xform_xpath>
		</action>
		<transform_xpath>/mvc:eForm/mvc:Data/FORM_DATA/DOCUMENT/PROCESS_VARIABLE/worksheetFeedbackSelectOfficial</transform_xpath>
		<description />
	</element>
	<element name="pv_worksheetFeedbackStaffSpec">
		<action name="saveNewForm" xmlns:fm="http://www.hyfinity.com/formmaker">
			<xform_xpath>/mvc:eForm/mvc:Data/FORM_DATA/DOCUMENT/PROCESS_VARIABLE/worksheetFeedbackStaffSpec</xform_xpath>
		</action>
		<action name="getRequestNumber" xmlns:fm="http://www.hyfinity.com/formmaker">
			<xform_xpath>/mvc:eForm/mvc:Data/mvc:formData/mvc:pv_worksheetFeedbackStaffSpec</xform_xpath>
		</action>
		<transform_xpath>/mvc:eForm/mvc:Data/FORM_DATA/DOCUMENT/PROCESS_VARIABLE/worksheetFeedbackStaffSpec</transform_xpath>
		<description />
	</element>
	<element name="h_now">
		<transform_xpath xmlns:fm="http://www.hyfinity.com/formmaker">/mvc:eForm/mvc:Data/mvc:formData/mvc:h_now</transform_xpath>
		<action name="saveNewForm" xmlns:fm="http://www.hyfinity.com/formmaker">
			<xform_xpath>/mvc:eForm/mvc:Data/mvc:formData/mvc:h_now</xform_xpath>
		</action>
		<action name="getRequestNumber" xmlns:fm="http://www.hyfinity.com/formmaker">
			<xform_xpath>/mvc:eForm/mvc:Data/mvc:formData/mvc:h_now</xform_xpath>
		</action>
	</element>
	<group name="layoutForResponse2" />
	<element name="h_definitionName">
		<action name="saveNewForm" xmlns:fm="http://www.hyfinity.com/formmaker">
			<xform_xpath>/mvc:eForm/mvc:Data/mvc:formData/mvc:h_definitionName</xform_xpath>
		</action>
		<action name="getRequestNumber" xmlns:fm="http://www.hyfinity.com/formmaker">
			<xform_xpath>/mvc:eForm/mvc:Data/mvc:formData/mvc:h_definitionName</xform_xpath>
		</action>
		<action name="saveTabContent" xmlns:fm="http://www.hyfinity.com/formmaker" />
		<transform_xpath>/mvc:eForm/mvc:Data/WorkitemContext/Process/ProcessDefinitionName</transform_xpath>
		<description />
	</element>
	<element name="pv_CancelReason">
		<action name="saveNewForm" xmlns:fm="http://www.hyfinity.com/formmaker">
			<xform_xpath>/mvc:eForm/mvc:Data/FORM_DATA/DOCUMENT/PROCESS_VARIABLE/cancelReason</xform_xpath>
		</action>
		<action name="getRequestNumber" xmlns:fm="http://www.hyfinity.com/formmaker">
			<xform_xpath>/mvc:eForm/mvc:Data/mvc:formData/mvc:pv_CancelReason</xform_xpath>
		</action>
		<action name="saveTabContent" xmlns:fm="http://www.hyfinity.com/formmaker" />
		<transform_xpath>/mvc:eForm/mvc:Data/mvc:formData/mvc:pv_CancelReason</transform_xpath>
		<description />
	</element>
	<element name="pv_alertMessage">
		<action name="saveNewForm" xmlns:fm="http://www.hyfinity.com/formmaker">
			<xform_xpath>/mvc:eForm/mvc:Data/FORM_DATA/DOCUMENT/PROCESS_VARIABLE/alertMessage</xform_xpath>
		</action>
		<action name="getRequestNumber" xmlns:fm="http://www.hyfinity.com/formmaker">
			<xform_xpath>/mvc:eForm/mvc:Data/WorkitemContext/Process/ProcessVariables/alertMessage</xform_xpath>
		</action>
		<action name="saveTabContent" xmlns:fm="http://www.hyfinity.com/formmaker" />
		<transform_xpath>/mvc:eForm/mvc:Data/FORM_DATA/DOCUMENT/PROCESS_VARIABLE/alertMessage</transform_xpath>
		<description />
	</element>
	<element name="h_readOnly">
		<action name="saveNewForm" xmlns:fm="http://www.hyfinity.com/formmaker">
			<xform_xpath>/mvc:eForm/mvc:Data/mvc:formData/mvc:h_readOnly</xform_xpath>
		</action>
		<action name="getRequestNumber" xmlns:fm="http://www.hyfinity.com/formmaker">
			<xform_xpath>/mvc:eForm/mvc:Data/mvc:formData/mvc:h_readOnly</xform_xpath>
		</action>
		<action name="saveTabContent" xmlns:fm="http://www.hyfinity.com/formmaker" />
		<transform_xpath>/mvc:eForm/mvc:Control/mvc:readOnly
</transform_xpath>
		<description />
	</element>
	<element name="h_resetSOSignature">
		<action name="saveNewForm" xmlns:fm="http://www.hyfinity.com/formmaker">
			<xform_xpath>/mvc:eForm/mvc:Data/FORM_DATA/DOCUMENT/MAIN/resetSOSignature</xform_xpath>
		</action>
		<action name="getRequestNumber" xmlns:fm="http://www.hyfinity.com/formmaker">
			<xform_xpath>/mvc:eForm/mvc:Data/mvc:formData/mvc:h_resetSOSignature</xform_xpath>
		</action>
		<action name="saveTabContent" xmlns:fm="http://www.hyfinity.com/formmaker" />
		<transform_xpath>/mvc:eForm/mvc:Data/FORM_DATA/DOCUMENT/MAIN/resetSOSignature</transform_xpath>
		<description />
	</element>
	<element name="currentTabID">
		<action name="saveNewForm" xmlns:fm="http://www.hyfinity.com/formmaker">
			<xform_xpath>/mvc:eForm/mvc:Control/mvc:currentTabID</xform_xpath>
		</action>
		<action name="getRequestNumber" xmlns:fm="http://www.hyfinity.com/formmaker">
			<xform_xpath>/mvc:eForm/mvc:Data/mvc:formData/mvc:currentTabID</xform_xpath>
		</action>
		<action name="saveTabContent" xmlns:fm="http://www.hyfinity.com/formmaker" />
		<transform_xpath>/mvc:eForm/mvc:Control/mvc:currentTabID</transform_xpath>
		<description />
	</element>
	<element name="pv_meetingRequired">
		<action name="saveNewForm" xmlns:fm="http://www.hyfinity.com/formmaker">
			<xform_xpath>/mvc:eForm/mvc:Data/FORM_DATA/DOCUMENT/PROCESS_VARIABLE/meetingRequired</xform_xpath>
		</action>
		<action name="getRequestNumber" xmlns:fm="http://www.hyfinity.com/formmaker">
			<xform_xpath>/mvc:eForm/mvc:Data/mvc:formData/mvc:pv_meetingRequired</xform_xpath>
		</action>
		<action name="saveTabContent" xmlns:fm="http://www.hyfinity.com/formmaker" />
		<transform_xpath>/mvc:eForm/mvc:Data/WorkitemContext/Process/ProcessVariables/meetingRequired</transform_xpath>
		<description />
	</element>
	<element name="pv_specialProgram">
		<action name="saveNewForm" xmlns:fm="http://www.hyfinity.com/formmaker">
			<xform_xpath>/mvc:eForm/mvc:Data/FORM_DATA/DOCUMENT/PROCESS_VARIABLE/specialProgram</xform_xpath>
		</action>
		<action name="getRequestNumber" xmlns:fm="http://www.hyfinity.com/formmaker">
			<xform_xpath>/mvc:eForm/mvc:Data/mvc:formData/mvc:pv_specialProgram</xform_xpath>
		</action>
		<action name="saveTabContent" xmlns:fm="http://www.hyfinity.com/formmaker" />
		<transform_xpath>/mvc:eForm/mvc:Data/WorkitemContext/Process/ProcessVariables/specialProgram</transform_xpath>
		<description />
	</element>
	<element name="h_prevSpecialProgram">
		<action name="saveNewForm">
			<xform_xpath>enter_xpath_here</xform_xpath>
		</action>
		<action name="getRequestNumber">
			<xform_xpath>enter_xpath_here</xform_xpath>
		</action>
		<transform_xpath>/mvc:eForm/mvc:Data/WorkitemContext/Process/ProcessVariables/prevSpecialProgram</transform_xpath>
		<description />
	</element>
	<element name="h_cms_ug_specialprogram">
		<action name="saveNewForm" xmlns:fm="http://www.hyfinity.com/formmaker">
			<xform_xpath>/mvc:eForm/mvc:Data/mvc:formData/mvc:h_cms_ug_specialprogram</xform_xpath>
		</action>
		<action name="getRequestNumber" xmlns:fm="http://www.hyfinity.com/formmaker">
			<xform_xpath>/mvc:eForm/mvc:Data/mvc:formData/mvc:h_cms_ug_specialprogram</xform_xpath>
		</action>
		<action name="saveTabContent" xmlns:fm="http://www.hyfinity.com/formmaker" />
		<transform_xpath>/mvc:eForm/mvc:Data/cms_usergroup/record[NAME=&quot;HR Special Programs&quot;]/MEMBERID</transform_xpath>
		<description />
	</element>
	<element name="h_cms_usergroupString">
		<action name="saveNewForm" xmlns:fm="http://www.hyfinity.com/formmaker">
			<xform_xpath>/mvc:eForm/mvc:Data/mvc:formData/mvc:h_cms_usergroupString</xform_xpath>
		</action>
		<action name="getRequestNumber" xmlns:fm="http://www.hyfinity.com/formmaker">
			<xform_xpath>/mvc:eForm/mvc:Data/mvc:formData/mvc:h_cms_usergroupString</xform_xpath>
		</action>
		<action name="saveTabContent" xmlns:fm="http://www.hyfinity.com/formmaker" />
		<transform_xpath>/mvc:eForm/mvc:Data/cms_usergroupString</transform_xpath>
		<description />
	</element>
	<element name="h_modifyRequested">
		<transform_xpath>enter_xpath_here</transform_xpath>
		<action name="saveNewForm" xmlns:fm="http://www.hyfinity.com/formmaker">
			<xform_xpath>enter_xpath_here</xform_xpath>
		</action>
		<action name="getRequestNumber" xmlns:fm="http://www.hyfinity.com/formmaker">
			<xform_xpath>enter_xpath_here</xform_xpath>
		</action>
		<action name="saveTabContent" xmlns:fm="http://www.hyfinity.com/formmaker" />
	</element>
	<element name="h_meetingOriginalDate">
		<action name="saveNewForm" xmlns:fm="http://www.hyfinity.com/formmaker">
			<xform_xpath>/mvc:eForm/mvc:Data/FORM_DATA/DOCUMENT/MAIN/meetingOriginalDate</xform_xpath>
		</action>
		<action name="getRequestNumber" xmlns:fm="http://www.hyfinity.com/formmaker">
			<xform_xpath>/mvc:eForm/mvc:Data/mvc:formData/mvc:h_meetingOriginalDate</xform_xpath>
		</action>
		<action name="saveTabContent" xmlns:fm="http://www.hyfinity.com/formmaker" />
		<transform_xpath>/mvc:eForm/mvc:Data/FORM_DATA/DOCUMENT/MAIN/meetingOriginalDate</transform_xpath>
		<description />
	</element>
	<group name="button_notify_group" />
	<group name="button_sendToSO_group" />
	<group name="button_acknowledge_group" />
	<group name="button_returnForModification_group" />
	<group name="button_modify_group" />
	<group name="button_approve_group" />
	<group name="button_returnToSO_group" />
	<group name="button_CancelWorkitem_group" />
	<group name="button_SaveWorkitem_group" />
	<group name="button_ExitWIH_group" />
	<group name="tab10" />
	<group name="partial_tab10" />
	<element name="pv_version">
		<action name="saveNewForm" xmlns:fm="http://www.hyfinity.com/formmaker">
			<xform_xpath>/mvc:eForm/mvc:Data/mvc:formData/mvc:pv_version</xform_xpath>
		</action>
		<action name="getRequestNumber" xmlns:fm="http://www.hyfinity.com/formmaker">
			<xform_xpath>/mvc:eForm/mvc:Data/mvc:formData/mvc:pv_version</xform_xpath>
		</action>
		<action name="saveTabContent" xmlns:fm="http://www.hyfinity.com/formmaker" />
		<transform_xpath>/mvc:eForm/mvc:Data/WorkitemContext/Process/ProcessVariables/version</transform_xpath>
		<description />
	</element>
	<group name="system_partial" />
	<element name="h_error_message">
		<action name="saveNewForm" xmlns:fm="http://www.hyfinity.com/formmaker">
			<xform_xpath>/mvc:eForm/mvc:Data/mvc:formData/mvc:h_error_message</xform_xpath>
		</action>
		<action name="getRequestNumber" xmlns:fm="http://www.hyfinity.com/formmaker">
			<xform_xpath>/mvc:eForm/mvc:Data/mvc:formData/mvc:h_error_message</xform_xpath>
		</action>
		<action name="saveTabContent" xmlns:fm="http://www.hyfinity.com/formmaker" />
		<transform_xpath>/mvc:eForm/mvc:Data/mvc:ERROR_MESSAGE</transform_xpath>
		<description />
	</element>
	<element name="h_form_procid">
		<action name="saveNewForm" xmlns:fm="http://www.hyfinity.com/formmaker">
			<xform_xpath>/mvc:eForm/mvc:Data/FORM_DATA/DOCUMENT/MAIN/PROCESSID</xform_xpath>
		</action>
		<action name="getRequestNumber" xmlns:fm="http://www.hyfinity.com/formmaker">
			<xform_xpath>/mvc:eForm/mvc:Data/mvc:formData/mvc:h_form_procid</xform_xpath>
		</action>
		<action name="saveTabContent" xmlns:fm="http://www.hyfinity.com/formmaker" />
		<transform_xpath>/mvc:eForm/mvc:Data/FORM_DATA/DOCUMENT/MAIN/PROCESSID</transform_xpath>
		<description />
	</element>
	<element name="procid">
		<action name="saveNewForm" xmlns:fm="http://www.hyfinity.com/formmaker">
			<xform_xpath>/mvc:eForm/mvc:Control/mvc:procid</xform_xpath>
		</action>
		<action name="getRequestNumber" xmlns:fm="http://www.hyfinity.com/formmaker">
			<xform_xpath>/mvc:eForm/mvc:Control/mvc:procid</xform_xpath>
		</action>
		<action name="saveTabContent" xmlns:fm="http://www.hyfinity.com/formmaker" />
		<transform_xpath>/mvc:eForm/mvc:Control/mvc:procid
</transform_xpath>
		<description />
	</element>
	<element name="sessioninfo">
		<action name="saveNewForm" xmlns:fm="http://www.hyfinity.com/formmaker">
			<xform_xpath>/mvc:eForm/mvc:Control/mvc:sessioninfo</xform_xpath>
		</action>
		<action name="getRequestNumber" xmlns:fm="http://www.hyfinity.com/formmaker">
			<xform_xpath>/mvc:eForm/mvc:Control/mvc:sessioninfo</xform_xpath>
		</action>
		<action name="saveTabContent" xmlns:fm="http://www.hyfinity.com/formmaker" />
		<transform_xpath>/mvc:eForm/mvc:Control/mvc:sessioninfo</transform_xpath>
		<description />
	</element>
	<element name="actseq">
		<action name="saveNewForm" xmlns:fm="http://www.hyfinity.com/formmaker">
			<xform_xpath>/mvc:eForm/mvc:Control/mvc:actseq</xform_xpath>
		</action>
		<action name="getRequestNumber" xmlns:fm="http://www.hyfinity.com/formmaker">
			<xform_xpath>/mvc:eForm/mvc:Control/mvc:actseq</xform_xpath>
		</action>
		<action name="saveTabContent" xmlns:fm="http://www.hyfinity.com/formmaker" />
		<transform_xpath>/mvc:eForm/mvc:Control/mvc:actseq</transform_xpath>
		<description />
	</element>
	<element name="svrid">
		<action name="saveNewForm" xmlns:fm="http://www.hyfinity.com/formmaker">
			<xform_xpath>/mvc:eForm/mvc:Control/mvc:svrid</xform_xpath>
		</action>
		<action name="getRequestNumber" xmlns:fm="http://www.hyfinity.com/formmaker">
			<xform_xpath>/mvc:eForm/mvc:Control/mvc:svrid</xform_xpath>
		</action>
		<action name="saveTabContent" xmlns:fm="http://www.hyfinity.com/formmaker" />
		<transform_xpath>/mvc:eForm/mvc:Control/mvc:svrid</transform_xpath>
		<description />
	</element>
	<element name="workseq">
		<action name="saveNewForm" xmlns:fm="http://www.hyfinity.com/formmaker">
			<xform_xpath>/mvc:eForm/mvc:Control/mvc:workseq</xform_xpath>
		</action>
		<action name="getRequestNumber" xmlns:fm="http://www.hyfinity.com/formmaker">
			<xform_xpath>/mvc:eForm/mvc:Control/mvc:workseq</xform_xpath>
		</action>
		<action name="saveTabContent" xmlns:fm="http://www.hyfinity.com/formmaker" />
		<transform_xpath>/mvc:eForm/mvc:Control/mvc:workseq</transform_xpath>
		<description />
	</element>
	<element name="appseq">
		<action name="saveNewForm" xmlns:fm="http://www.hyfinity.com/formmaker">
			<xform_xpath>/mvc:eForm/mvc:Control/mvc:appseq</xform_xpath>
		</action>
		<action name="getRequestNumber" xmlns:fm="http://www.hyfinity.com/formmaker">
			<xform_xpath>/mvc:eForm/mvc:Control/mvc:appseq</xform_xpath>
		</action>
		<action name="saveTabContent" xmlns:fm="http://www.hyfinity.com/formmaker" />
		<transform_xpath>/mvc:eForm/mvc:Control/mvc:appseq</transform_xpath>
		<description />
	</element>
	<element name="pv_meetingReschedReason">
		<action name="saveNewForm" xmlns:fm="http://www.hyfinity.com/formmaker">
			<xform_xpath>/mvc:eForm/mvc:Data/FORM_DATA/DOCUMENT/PROCESS_VARIABLE/meetingReschedReason</xform_xpath>
		</action>
		<action name="getRequestNumber" xmlns:fm="http://www.hyfinity.com/formmaker">
			<xform_xpath>/mvc:eForm/mvc:Data/mvc:formData/mvc:pv_meetingReschedReason</xform_xpath>
		</action>
		<action name="saveTabContent" xmlns:fm="http://www.hyfinity.com/formmaker" />
		<transform_xpath>/mvc:eForm/mvc:Data/WorkitemContext/Process/ProcessVariables/meetingReschedReason</transform_xpath>
		<description />
	</element>
</xforms>
