<?xml version="1.0" encoding="UTF-8"?>
<index desc="hsguser/mvc/BizFlow/xsd_pool_pool" name="hsguser/mvc/BizFlow/xsd_pool_pool" xmlns="http://www.hyfinity.com/xstore">
	<entry desc="" docname="BizFlowService.wsdl" id="BizFlowService" timestamp="" />
	<entry desc="" docname="HWActivityBinding.wsdl" id="HWActivityBinding" timestamp="" />
	<entry desc="" docname="HWApplicationsBinding.wsdl" id="HWApplicationsBinding" timestamp="" />
	<entry desc="" docname="HWProcessBinding.wsdl" id="HWProcessBinding" timestamp="" />
	<entry desc="" docname="HWProcessDefinitionBinding.wsdl" id="HWProcessDefinitionBinding" timestamp="" />
	<entry desc="" docname="HWSessionBinding.wsdl" id="HWSessionBinding" timestamp="" />
	<entry desc="" docname="HWUserBinding.wsdl" id="HWUserBinding" timestamp="" />
	<entry desc="" docname="HWWorkitemBinding.wsdl" id="HWWorkitemBinding" timestamp="" />
	<entry desc="" docname="HWWorkitemDataBinding.wsdl" id="HWWorkitemDataBinding" timestamp="" />
	<entry desc="" docname="BizFlowSchema-comp.xsd" id="BizFlowSchema-comp" timestamp="" />
	<entry desc="" docname="BizFlowSchema-jo.xsd" id="BizFlowSchema-jo" timestamp="" />
	<entry desc="" docname="BizFlowSchema-je.xsd" id="BizFlowSchema-je" timestamp="" />
	<entry desc="" docname="BizFlowSchema-elmt.xsd" id="BizFlowSchema-elmt" timestamp="" />
	<entry desc="" docname="BizFlowSchema-svc-elmt.xsd" id="BizFlowSchema-svc-elmt" timestamp="" />
	<entry desc="" docname="BizFlowSchema-beans.xsd" id="BizFlowSchema-beans" timestamp="" />
	<entry desc="" docname="BizFlow_WorkitemContext.xsd" id="BizFlow_WorkitemContext" timestamp="" />
</index>
